ID,country,cost,AI,MP,CG,IS,NW,HW,Sec,Alg,Bio,Math,ects,grades,sat
I PADOVA01,Italy,807.1761653722115,0,0,0,0,0,0,0,0,1,0,26,8,6.265606308728736
EE TALLINN04,Estonia,440.39081948104,0,0,0,0,1,0,0,0,0,0,23,6,7.566662414235879
I BARI05,Italy,903.4443806240569,0,0,0,0,1,0,0,0,0,0,21,8,7.688929807385071
D ERLANGE01,Germany,842.0573456395756,0,0,0,1,0,0,0,0,0,0,21,9,6.88009124466161
S MALMO01,Sweden,863.9624249906128,0,0,0,0,0,0,0,1,0,0,29,8,6.59162527147661
I PADOVA01,Italy,863.5883961577566,0,0,1,0,0,0,0,0,0,0,23,7,7.925014433610129
B LEUVEN01,Belgium,394.6675798896223,1,0,0,0,0,0,0,0,0,0,19,7,8.57501910066639
TR ANKARA04,Turkey,437.416667925656,0,0,0,0,0,0,1,0,0,0,29,5,6.565123040630409
PL KRAKOW02,Poland,392.93721355390716,0,0,0,0,0,1,0,0,0,0,18,6,5.948572865796945
D TUBINGE01,Germany,856.3872327472131,0,0,0,1,0,0,0,0,0,0,16,5,5.912728487808091
IRL DUBLIN27,Ireland,1112.2282711308042,0,0,0,0,0,0,0,1,0,0,18,9,11.332708172223338
F LILLE01,France,604.6024517885616,0,0,0,1,0,0,0,0,0,0,24,5,5.387840120663382
S MALMO01,Sweden,883.9210244061951,0,0,0,0,0,0,0,1,0,0,22,7,7.649352772997364
A GRAZ02,Austria,762.9533838205205,0,1,0,0,0,0,0,0,0,0,24,9,7.405098376595383
IRL DUBLIN27,Ireland,1144.4840366347976,0,0,1,0,0,0,0,0,0,0,25,6,6.289797417525474
NL NIJMEGE01,Netherlands,881.0550399204318,0,0,0,0,0,0,0,0,0,1,19,5,6.918025485518506
D KARLSRU01,Germany,840.7361046747968,0,0,0,0,0,0,1,0,0,0,21,5,6.76101203008364
A KLAGENF01,Austria,853.0558368712952,0,0,0,0,0,0,1,0,0,0,15,7,6.312937783344307
S VASTERA01,Sweden,874.9058017104518,0,0,0,1,0,0,0,0,0,0,20,7,6.540012094675028
CZ PRAHA07,Czech,386.9616393325239,0,0,0,0,1,0,0,0,0,0,29,9,9.09700674668522
D KARLSRU01,Germany,916.0633019125565,0,0,0,0,0,0,0,0,1,0,18,7,5.895251472616157
F PARIS001,France,658.1754756174871,0,0,0,0,0,0,0,1,0,0,18,9,4.732452098868851
CZ PRAHA07,Czech,428.4643053101032,0,0,0,0,1,0,0,0,0,0,15,6,4.561389493158138
I BARI05,Italy,868.7021812636165,0,0,0,0,0,1,0,0,0,0,25,7,5.031595042581953
Daegu,Korea,937.6520729136192,0,0,0,0,0,0,0,0,0,1,18,6,7.884534517110784
IS REYKJAV05,Iceland,1626.2719421988847,0,0,0,0,0,0,0,1,0,0,26,7,8.870382822865515
Daegu,Korea,928.8873126362784,0,0,0,0,0,0,0,0,0,1,26,9,7.4901416200586
S VASTERA01,Sweden,896.0896245086774,0,0,1,0,0,0,0,0,0,0,21,9,6.619902940290837
A GRAZ02,Austria,806.7220883830785,0,0,0,0,1,0,0,0,0,0,17,9,7.707192942544813
CZ PRAHA07,Czech,401.18987507354683,1,0,0,0,0,0,0,0,0,0,29,5,6.691836306450034
IRL DUBLIN27,Ireland,1084.3883820333517,0,0,1,0,0,0,0,0,0,0,28,5,6.501417612525186
IRL CORK01,Ireland,1095.975471547712,0,0,0,0,0,0,0,1,0,0,21,6,5.435258887040256
S VASTERA01,Sweden,914.2993095015961,0,0,1,0,0,0,0,0,0,0,16,6,5.095256062521872
D ERLANGE01,Germany,896.2862914448365,0,0,0,0,0,0,0,0,0,1,28,9,6.553301081710523
SF OULU11,Finland,794.2347363607776,0,0,0,0,0,0,0,0,1,0,18,6,7.06792746463424
S MALMO01,Sweden,913.7690429420652,0,0,0,0,0,0,0,0,1,0,24,9,7.647226376832284
P COIMBRA01,Portugal,712.5296303957793,0,0,0,0,0,0,1,0,0,0,20,8,6.854429113095218
A KLAGENF01,Austria,871.7177720214428,1,0,0,0,0,0,0,0,0,0,17,5,6.005378531304467
PL KRAKOW02,Poland,414.78002223188906,1,0,0,0,0,0,0,0,0,0,20,5,5.11788756378492
S VASTERA01,Sweden,965.7381954212672,0,0,0,0,1,0,0,0,0,0,21,9,7.333683850366304
D ERLANGE01,Germany,910.7349435389019,0,0,0,0,0,0,1,0,0,0,15,8,7.340564604931824
CZ PRAHA07,Czech,416.14710735754926,0,1,0,0,0,0,0,0,0,0,28,6,6.967769187152912
PL KRAKOW02,Poland,411.7579117315262,0,0,0,1,0,0,0,0,0,0,18,8,7.295409945014352
B LEUVEN01,Belgium,417.8185714224972,0,0,0,0,1,0,0,0,0,0,29,9,7.620302873248539
IRL DUBLIN27,Ireland,974.8347511927393,0,0,0,0,0,1,0,0,0,0,24,8,7.076436000804202
E VALENCI02,Spain,765.2088335874338,0,0,0,0,0,0,0,1,0,0,21,8,6.87267749973949
IRL CORK01,Ireland,1000.1263183046847,0,0,0,0,0,0,1,0,0,0,23,8,5.854157497991572
HKG BAPT,HongKong,1192.1136811943056,0,0,0,1,0,0,0,0,0,0,25,8,7.8562541690841545
F LILLE01,France,650.5593464173236,0,0,0,0,0,0,0,0,1,0,16,9,5.569871206468862
P COIMBRA01,Portugal,619.7750282935945,0,0,0,0,0,1,0,0,0,0,24,5,6.254766468828828
D ERLANGE01,Germany,816.5013221537154,0,0,0,0,0,0,0,0,0,1,22,8,6.782463441805722
NL NIJMEGE01,Netherlands,959.6611971758756,0,0,1,0,0,0,0,0,0,0,26,5,5.667750856209313
I PADOVA01,Italy,851.9185662928835,0,0,0,1,0,0,0,0,0,0,27,8,8.731382743218035
P COIMBRA01,Portugal,732.1535862633007,0,0,0,0,0,1,0,0,0,0,20,8,7.3728702682483975
F LILLE01,France,653.1164228489504,0,0,0,1,0,0,0,0,0,0,18,8,6.0887348034485695
IRL DUBLIN27,Ireland,977.2371991875689,0,0,0,1,0,0,0,0,0,0,26,7,5.937596898325972
D ERLANGE01,Germany,846.6343705601137,0,0,0,1,0,0,0,0,0,0,23,8,7.365555001120926
EE TALLINN04,Estonia,412.19420722877067,0,0,0,0,0,0,0,0,1,0,17,5,6.553382815216831
B LEUVEN01,Belgium,397.1412575892402,0,0,0,0,0,0,0,1,0,0,29,5,6.750192399609028
SF OULU11,Finland,844.8611121347052,0,0,0,0,0,0,0,0,1,0,22,6,5.7529162830510785
A GRAZ02,Austria,853.5543516926635,1,0,0,0,0,0,0,0,0,0,15,6,3.7898786532979587
HKG BAPT,HongKong,1201.4343581483258,0,0,0,0,0,1,0,0,0,0,20,7,7.14023157790728
TR ANKARA04,Turkey,435.84830739809377,1,0,0,0,0,0,0,0,0,0,20,7,6.9496864793611355
E VALENCI02,Spain,780.669321336067,0,0,0,1,0,0,0,0,0,0,24,9,5.781599655048183
D DARMSTA02,Germany,817.5268080648476,0,0,0,0,1,0,0,0,0,0,15,7,7.695274739816426
LT KAUNAS02,Lithuania,337.23078457709744,0,0,1,0,0,0,0,0,0,0,24,5,5.368463156447035
F PARIS001,France,616.1293171468528,0,0,0,0,0,0,1,0,0,0,21,5,7.2720516369377535
S LULEA01,Sweden,863.9153169443036,0,0,0,0,1,0,0,0,0,0,24,7,7.728166380892999
F PARIS001,France,687.694999427429,0,0,0,0,0,1,0,0,0,0,26,6,5.2178816971824284
I BARI05,Italy,899.6879786858004,0,1,0,0,0,0,0,0,0,0,29,9,9.019519008329057
D TUBINGE01,Germany,959.370802587821,0,0,0,0,0,0,1,0,0,0,18,9,6.6857017090365485
A KLAGENF01,Austria,841.0308157616267,0,0,1,0,0,0,0,0,0,0,18,5,6.6197407216033595
LT KAUNAS02,Lithuania,289.1066937835815,0,0,0,0,1,0,0,0,0,0,25,6,6.364912582274233
I ROMA01,Italy,899.3754120222712,0,0,0,0,1,0,0,0,0,0,28,5,6.80844330070589
I BARI05,Italy,905.9343912986452,0,1,0,0,0,0,0,0,0,0,26,8,6.823719312337462
D ERLANGE01,Germany,963.6063118504051,0,0,0,0,0,0,0,0,0,1,29,6,6.234755597915189
B LEUVEN01,Belgium,432.99053413308,0,0,0,0,0,0,0,0,1,0,19,8,8.707948003913723
NL NIJMEGE01,Netherlands,909.117459182535,0,0,0,0,0,0,0,0,0,1,22,8,7.91421362750109
CZ PRAHA10,Czech,386.01752801960987,0,0,0,0,0,0,0,0,1,0,23,8,7.104984329682239
S MALMO01,Sweden,900.505736562786,0,0,0,1,0,0,0,0,0,0,19,5,6.619848521765451
HKG BAPT,HongKong,1154.1985725773006,0,0,0,0,1,0,0,0,0,0,29,6,4.433656636406487
I PADOVA01,Italy,845.9665739261628,0,0,0,0,0,0,1,0,0,0,23,6,6.517343501371595
S MALMO01,Sweden,838.0435058826856,1,0,0,0,0,0,0,0,0,0,15,7,6.3199536683371695
SF OULU11,Finland,877.7467655379862,0,1,0,0,0,0,0,0,0,0,21,6,8.233363740334749
B LEUVEN01,Belgium,449.53835367337786,0,0,0,0,0,0,0,0,1,0,18,5,6.822606175621935
D ERLANGE01,Germany,869.8776604445518,0,0,0,0,0,1,0,0,0,0,20,6,5.546440746063046
SF OULU11,Finland,787.4224316796622,0,0,0,0,0,0,1,0,0,0,18,5,5.6161967601176785
CZ BRNO05,Czech,426.32398558893817,0,0,1,0,0,0,0,0,0,0,18,8,9.791978192824317
F LILLE01,France,661.1504391073398,0,0,0,0,1,0,0,0,0,0,28,7,7.620370689286707
F LILLE01,France,657.9176896712363,0,1,0,0,0,0,0,0,0,0,20,5,7.2657798909252875
CZ PRAHA10,Czech,436.3691712479518,0,1,0,0,0,0,0,0,0,0,25,6,6.751907650114767
IRL CORK01,Ireland,969.8110256844251,0,0,0,0,0,0,0,0,1,0,20,8,9.241778851873496
PL KRAKOW02,Poland,401.39292757724604,1,0,0,0,0,0,0,0,0,0,26,9,7.222690627555206
D BERLIN02,Germany,820.7381353180864,0,0,0,1,0,0,0,0,0,0,29,6,5.397200417528828
CZ PRAHA10,Czech,449.11451247675325,0,0,0,1,0,0,0,0,0,0,25,6,6.788829382305425
CZ PRAHA07,Czech,395.7824817729058,0,0,0,0,0,1,0,0,0,0,27,6,5.49512216976729
D MUNCHEN01,Germany,949.677149398526,0,0,1,0,0,0,0,0,0,0,27,7,6.303456505006027
D KARLSRU01,Germany,932.260159138367,0,0,1,0,0,0,0,0,0,0,17,6,6.301840966476292
SF OULU11,Finland,814.3124792029242,0,0,0,0,0,0,1,0,0,0,28,6,6.756346071552926
I PADOVA01,Italy,852.9112790342283,0,0,0,0,1,0,0,0,0,0,20,6,4.981699214872481
IRL CORK01,Ireland,984.802628853996,0,0,0,0,0,1,0,0,0,0,17,7,6.624752615291068
IRL DUBLIN27,Ireland,1107.9234672824412,0,0,0,0,0,0,1,0,0,0,23,8,6.022990200246605
D DARMSTA02,Germany,967.3345320948645,0,0,0,0,0,1,0,0,0,0,20,9,8.135385141578583
B LEUVEN01,Belgium,411.87690611375194,0,0,0,0,0,0,1,0,0,0,16,8,6.283177650621863
S VASTERA01,Sweden,931.8634805146975,0,0,0,0,1,0,0,0,0,0,20,9,6.6181756292925185
E BARCELO01,Spain,778.4671634766632,0,1,0,0,0,0,0,0,0,0,15,6,6.057432750681234
D BERLIN02,Germany,890.0976443030911,1,0,0,0,0,0,0,0,0,0,20,9,7.7507008784874705
S MALMO01,Sweden,899.4937669874492,0,0,0,0,0,0,0,1,0,0,24,5,7.68826153316911
CZ PRAHA07,Czech,386.0154179418039,0,1,0,0,0,0,0,0,0,0,23,8,7.907488497410963
S MALMO01,Sweden,943.7531840071075,0,0,0,0,0,0,1,0,0,0,28,6,8.109688918842119
D BERLIN02,Germany,967.2559480036125,0,0,0,0,0,0,0,1,0,0,27,9,5.996953831509057
E VALENCI02,Spain,841.0767364717811,0,0,0,0,1,0,0,0,0,0,19,9,5.886586507404327
D ERLANGE01,Germany,878.0789417045419,0,0,0,0,0,0,1,0,0,0,21,7,8.231025858431604
EE TALLINN04,Estonia,393.1790427875499,0,0,0,0,0,0,0,0,0,1,26,9,8.882786196477872
A GRAZ02,Austria,853.3678154789332,0,0,0,0,1,0,0,0,0,0,20,5,5.582268012236822
I BARI05,Italy,884.5361162779982,0,0,0,0,0,0,0,1,0,0,18,5,6.532247982189713
CZ PRAHA10,Czech,391.0509539991995,0,0,1,0,0,0,0,0,0,0,24,5,7.119755758963725
E BARCELO01,Spain,848.8990173725618,0,0,0,0,0,0,0,1,0,0,15,9,6.960427960680434
S LULEA01,Sweden,933.6258015244673,0,0,0,0,0,0,0,0,1,0,28,5,6.1427111820515545
D ERLANGE01,Germany,890.5363271261497,0,0,0,1,0,0,0,0,0,0,29,7,5.665748290450357
A KLAGENF01,Austria,862.5624328892718,0,0,0,0,1,0,0,0,0,0,24,9,7.16293869076309
E BARCELO01,Spain,798.6636821429607,0,0,0,0,1,0,0,0,0,0,25,5,5.815216059394071
D ERLANGE01,Germany,928.2849118805285,0,0,0,1,0,0,0,0,0,0,27,8,7.5370025015810675
LT KAUNAS02,Lithuania,341.2298841010549,1,0,0,0,0,0,0,0,0,0,23,6,6.344069206399222
NL NIJMEGE01,Netherlands,1018.0344576993666,0,0,0,0,0,0,0,0,0,1,29,8,9.674746887983908
EE TALLINN04,Estonia,404.47355476232474,0,1,0,0,0,0,0,0,0,0,25,9,6.4177969983767
CZ PRAHA10,Czech,388.01969063711647,0,0,1,0,0,0,0,0,0,0,21,9,6.15206620412793
TR ANKARA04,Turkey,436.79617902352413,0,1,0,0,0,0,0,0,0,0,19,7,8.074756400259314
CZ BRNO05,Czech,438.0708116780031,0,0,0,0,0,1,0,0,0,0,15,9,9.405007818921758
CZ PRAHA07,Czech,449.0746787986482,0,0,0,0,1,0,0,0,0,0,26,9,8.610379961806768
TR ANKARA04,Turkey,440.368122803029,0,0,0,1,0,0,0,0,0,0,23,8,9.440650742735459
LT KAUNAS02,Lithuania,307.2691935008121,0,0,0,0,0,1,0,0,0,0,24,8,7.452812347138759
B LEUVEN01,Belgium,400.0680976794728,0,0,1,0,0,0,0,0,0,0,29,6,5.824446572868973
IRL CORK01,Ireland,1047.124525926886,0,0,0,0,0,0,0,1,0,0,18,6,5.644935551614507
S MALMO01,Sweden,836.7477886461272,0,0,0,0,1,0,0,0,0,0,15,9,6.672866367366372
D MUNCHEN01,Germany,921.8983841191974,0,0,0,0,0,0,0,0,1,0,24,5,6.349226833243647
B LEUVEN01,Belgium,420.66042733790147,0,0,1,0,0,0,0,0,0,0,15,7,5.6146506210154925
D ERLANGE01,Germany,961.3666936912269,0,0,0,0,0,0,0,1,0,0,24,5,5.30331894913696
S VASTERA01,Sweden,962.388556408857,0,0,0,0,0,1,0,0,0,0,24,6,6.62814136457209
E BARCELO01,Spain,912.6701733689182,1,0,0,0,0,0,0,0,0,0,29,7,7.509729798839118
EE TALLINN04,Estonia,381.4134636435336,0,0,0,0,1,0,0,0,0,0,17,8,6.6635619501102115
IRL CORK01,Ireland,1054.4862890095535,0,0,0,0,0,1,0,0,0,0,26,5,6.272855575929876
A GRAZ02,Austria,874.8717432544048,0,0,0,0,0,0,0,0,0,1,16,9,7.181111328787513
E BARCELO01,Spain,764.189159225902,0,1,0,0,0,0,0,0,0,0,17,5,4.663439030685037
IS REYKJAV05,Iceland,1546.794632228122,0,0,0,0,0,1,0,0,0,0,17,5,6.410502919293826
E VALENCI02,Spain,828.2773633952444,0,0,1,0,0,0,0,0,0,0,15,7,7.644206875416622
D DARMSTA02,Germany,933.4534717262164,0,0,0,0,0,0,0,1,0,0,20,5,5.7068882805069165
A GRAZ02,Austria,918.3322624587219,0,0,0,0,0,0,0,1,0,0,28,8,6.987690780122519
SF OULU11,Finland,788.1204365185932,0,0,1,0,0,0,0,0,0,0,22,5,7.461850331915951
SF OULU11,Finland,873.9666093091,1,0,0,0,0,0,0,0,0,0,29,6,5.545419763797329
CZ PRAHA10,Czech,422.41146004678444,0,0,0,0,0,0,0,1,0,0,17,5,5.897670930280025
EE TALLINN04,Estonia,435.3589340815951,0,0,0,0,0,1,0,0,0,0,22,5,5.996425829236165
E BARCELO01,Spain,910.100817982176,0,0,0,0,0,0,0,1,0,0,20,7,6.910923915612984
D ERLANGE01,Germany,817.430632008258,0,0,0,0,0,1,0,0,0,0,28,5,7.0061518644829075
I ROMA01,Italy,904.9858837064446,0,0,0,0,0,0,0,0,1,0,24,8,7.450015043757963
D KARLSRU01,Germany,882.2445066882752,0,0,0,1,0,0,0,0,0,0,25,6,6.7781814190476855
D MUNCHEN01,Germany,892.1476190917331,0,1,0,0,0,0,0,0,0,0,28,5,7.884914374397194
E BARCELO01,Spain,892.3921725320516,0,0,0,0,0,0,0,0,0,1,15,9,8.815378966305966
SF OULU11,Finland,905.5058725366165,0,0,0,1,0,0,0,0,0,0,19,5,6.4764599059253705
S VASTERA01,Sweden,830.9802437774512,0,0,0,0,1,0,0,0,0,0,22,7,7.151190641486969
I PADOVA01,Italy,824.3906896686077,0,0,0,0,0,0,1,0,0,0,22,9,8.742101722043085
F PARIS001,France,689.691457999912,0,0,0,0,1,0,0,0,0,0,24,9,6.682039823098964
IS REYKJAV05,Iceland,1604.7252558632226,0,0,0,0,0,0,0,0,0,1,17,5,6.039687503872647
Daegu,Korea,873.7179279350175,0,1,0,0,0,0,0,0,0,0,23,5,7.943130252998281
LT KAUNAS02,Lithuania,307.95613323476846,0,0,0,0,0,0,0,0,0,1,23,8,6.998556791885457
D TUBINGE01,Germany,842.7577057078747,0,0,0,0,0,0,0,1,0,0,18,9,10.666923022325948
I ROMA01,Italy,773.90857598103,0,0,0,1,0,0,0,0,0,0,23,6,7.105652576220769
E VALENCI02,Spain,818.7472790789584,0,0,0,0,0,0,0,0,0,1,17,7,7.013357264529462
TR ANKARA04,Turkey,486.38548648365764,0,0,0,0,0,0,0,1,0,0,19,7,7.108754986469191
CZ PRAHA07,Czech,454.4823192076512,0,0,0,0,0,0,0,1,0,0,23,9,7.3536488766899915
CZ BRNO05,Czech,428.1306456104605,0,1,0,0,0,0,0,0,0,0,26,6,5.979825640900783
CZ BRNO05,Czech,380.89693655238506,0,0,0,0,0,0,0,0,1,0,25,9,5.584499618095485
NL NIJMEGE01,Netherlands,1011.8265155096813,0,0,0,1,0,0,0,0,0,0,22,7,8.245401927642186
F PARIS001,France,590.5283890183141,0,0,0,0,0,0,0,0,0,1,27,8,9.649877893044009
D DARMSTA02,Germany,836.7749301025831,0,0,0,0,0,0,0,1,0,0,15,9,5.726690443411485
D ERLANGE01,Germany,812.3445585676012,0,0,0,0,0,0,0,1,0,0,20,9,7.282671681539448
D TUBINGE01,Germany,928.5630146432668,0,0,1,0,0,0,0,0,0,0,19,5,7.43466292435585
D KARLSRU01,Germany,815.1858538651738,0,0,0,0,0,0,0,1,0,0,17,9,8.241296174337487
NL NIJMEGE01,Netherlands,1013.8035200802838,1,0,0,0,0,0,0,0,0,0,26,5,5.776052110681203
Daegu,Korea,937.1325559974429,0,1,0,0,0,0,0,0,0,0,16,7,6.777560175602776
I ROMA01,Italy,919.3178928627534,0,0,0,0,1,0,0,0,0,0,17,8,6.61291949234656
IRL DUBLIN27,Ireland,1013.3039603851762,0,0,0,0,0,1,0,0,0,0,25,7,6.556345875717999
D TUBINGE01,Germany,967.1072776483711,0,0,0,1,0,0,0,0,0,0,15,6,5.690887393245226
NL NIJMEGE01,Netherlands,973.1398830151854,0,0,0,0,1,0,0,0,0,0,25,6,8.002435693773027
P COIMBRA01,Portugal,653.3881432150888,0,1,0,0,0,0,0,0,0,0,24,9,6.368363193899128
E VALENCI02,Spain,917.1800110318313,0,0,0,0,0,0,1,0,0,0,20,5,5.085144093166153
EE TALLINN04,Estonia,447.3741511416614,0,0,0,0,0,0,1,0,0,0,16,7,7.824622564504431
TR ANKARA04,Turkey,514.5153164119297,0,0,0,0,0,0,0,0,1,0,29,9,6.0276191375273385
S MALMO01,Sweden,967.2511845938988,0,0,0,1,0,0,0,0,0,0,21,9,9.32012441115429
Daegu,Korea,985.181371901463,0,0,0,0,0,1,0,0,0,0,25,7,7.574530323140518
S LULEA01,Sweden,834.8317866538642,0,0,0,1,0,0,0,0,0,0,25,7,6.6238521591710535
A GRAZ02,Austria,799.0250362108475,0,0,0,0,0,0,0,0,1,0,21,8,5.027755458993414
D MUNCHEN01,Germany,894.9087118120174,0,0,0,0,0,0,0,1,0,0,19,7,8.824086612357172
F LILLE01,France,681.618635796998,0,0,0,0,0,0,0,0,0,1,19,8,7.118878653321419
LT KAUNAS02,Lithuania,307.95932610511863,0,0,0,0,0,0,0,0,0,1,27,7,7.778547482700089
PL KRAKOW02,Poland,422.52057155669627,0,1,0,0,0,0,0,0,0,0,19,6,7.029141979260871
S MALMO01,Sweden,970.1919394510628,0,1,0,0,0,0,0,0,0,0,20,5,6.373060459055939
PL KRAKOW02,Poland,420.4897559227182,1,0,0,0,0,0,0,0,0,0,22,6,5.543280641610183
D TUBINGE01,Germany,811.0547443904092,0,0,0,0,1,0,0,0,0,0,18,5,6.184686970278818
D TUBINGE01,Germany,946.7964838547437,0,0,1,0,0,0,0,0,0,0,22,8,4.8976604542504685
SF OULU11,Finland,808.2492267739731,0,0,0,0,1,0,0,0,0,0,18,8,5.6767854731909235
LT KAUNAS02,Lithuania,333.6033026219182,0,0,0,0,0,1,0,0,0,0,18,9,10.333821350245579
D KARLSRU01,Germany,844.279036758829,0,1,0,0,0,0,0,0,0,0,19,9,6.814242781776396
D KARLSRU01,Germany,815.5878824760895,0,0,0,0,1,0,0,0,0,0,23,6,6.898463787174293
CZ BRNO05,Czech,387.2778672872809,0,0,0,1,0,0,0,0,0,0,29,8,6.515610923366148
EE TALLINN04,Estonia,435.34086578456856,0,0,0,0,1,0,0,0,0,0,26,7,5.8923698515315275
TR ANKARA04,Turkey,503.87889956459946,0,0,0,0,0,1,0,0,0,0,18,5,7.308444505106332
NL NIJMEGE01,Netherlands,1025.7545633581487,0,0,0,0,0,0,0,0,1,0,27,5,6.843465664264098
IS REYKJAV05,Iceland,1654.638424682325,0,0,0,0,0,0,0,0,1,0,18,7,6.591823862428219
D BERLIN02,Germany,934.5202047910225,0,0,0,0,0,0,0,0,1,0,20,9,7.814638510778398
S VASTERA01,Sweden,952.1027610517457,0,0,0,0,0,0,0,0,0,1,18,9,8.19837297180511
S VASTERA01,Sweden,944.5784320087776,0,0,0,0,0,0,0,1,0,0,22,6,8.360773314337205
S VASTERA01,Sweden,907.8019151511784,0,0,0,0,0,0,0,0,0,1,15,9,6.744743852713965
D DARMSTA02,Germany,833.2699955013335,0,0,1,0,0,0,0,0,0,0,29,5,6.577410337551124
D BERLIN02,Germany,918.3123835389322,0,0,0,0,0,1,0,0,0,0,26,9,6.063463216372452
IRL CORK01,Ireland,1098.9778090444327,0,1,0,0,0,0,0,0,0,0,19,9,6.9882144421875605
CZ BRNO05,Czech,454.39336757617275,0,0,0,1,0,0,0,0,0,0,28,9,9.367747981757255
I PADOVA01,Italy,850.926223659909,0,0,0,0,0,1,0,0,0,0,28,5,6.6187350586546385
D KARLSRU01,Germany,967.8402959127111,0,0,0,0,0,1,0,0,0,0,15,5,5.807428333375383
D DARMSTA02,Germany,908.2649023662374,0,0,0,1,0,0,0,0,0,0,26,9,7.677175255014755
HKG BAPT,HongKong,1366.2332773971668,0,0,0,0,0,1,0,0,0,0,19,6,7.636257182317928
EE TALLINN04,Estonia,455.32599370987464,0,0,1,0,0,0,0,0,0,0,26,6,7.114790898403926
CZ PRAHA07,Czech,430.61348429056784,0,0,0,0,0,0,1,0,0,0,29,9,6.835821368136415
NL NIJMEGE01,Netherlands,932.5916698718466,0,0,0,0,0,0,0,0,0,1,29,5,5.421048491084537
P COIMBRA01,Portugal,640.0517538875188,0,0,0,0,0,0,0,0,1,0,28,5,6.970844471276315
D MUNCHEN01,Germany,851.1291767829123,0,0,0,0,0,1,0,0,0,0,29,5,7.394227100139888
E VALENCI02,Spain,887.9810368042079,0,0,0,0,0,0,0,0,1,0,17,8,7.148641757548078
D MUNCHEN01,Germany,883.5651693937272,0,0,0,1,0,0,0,0,0,0,20,9,7.88097756334484
D TUBINGE01,Germany,908.6151298902204,0,0,0,0,0,0,0,0,0,1,16,5,6.996832296244375
HKG BAPT,HongKong,1143.221282277728,0,1,0,0,0,0,0,0,0,0,24,8,8.098248266930097
D BERLIN02,Germany,957.9844323546345,0,0,0,0,0,0,1,0,0,0,25,5,7.233740632814378
I BARI05,Italy,845.0667520570448,0,0,0,0,0,0,0,0,1,0,18,6,7.9896842727702255
SF OULU11,Finland,881.9565297027718,0,0,1,0,0,0,0,0,0,0,16,7,6.999560194807692
TR ANKARA04,Turkey,452.73139654963046,0,0,0,0,0,0,1,0,0,0,18,9,7.783492014249183
PL KRAKOW02,Poland,430.5713276456577,0,0,0,1,0,0,0,0,0,0,29,8,6.001322216104333
F PARIS001,France,674.8533440243529,0,0,1,0,0,0,0,0,0,0,22,6,6.649452520117013
S LULEA01,Sweden,956.7534727624578,0,1,0,0,0,0,0,0,0,0,16,5,6.563198548911118
B LEUVEN01,Belgium,457.47816712022177,0,0,0,0,0,0,0,0,0,1,28,5,6.53182755083633
D DARMSTA02,Germany,948.9100939767603,0,0,1,0,0,0,0,0,0,0,20,7,6.975892818082801
B LEUVEN01,Belgium,387.481585485746,0,0,0,0,0,0,0,0,0,1,16,6,6.944282749401885
D KARLSRU01,Germany,891.5572693980287,1,0,0,0,0,0,0,0,0,0,19,6,5.548083691977296
S VASTERA01,Sweden,904.4845713533915,0,0,0,0,0,0,0,0,1,0,19,5,5.852744426281113
D MUNCHEN01,Germany,928.9324355449161,0,0,0,0,0,0,1,0,0,0,23,6,6.242563048127371
S VASTERA01,Sweden,886.0776986906659,0,1,0,0,0,0,0,0,0,0,21,7,7.156189832522933
NL NIJMEGE01,Netherlands,952.9253875438139,0,1,0,0,0,0,0,0,0,0,21,5,7.06291758266892
E VALENCI02,Spain,801.2024075357727,0,0,1,0,0,0,0,0,0,0,21,5,6.433411783237124
S VASTERA01,Sweden,817.7554781242125,1,0,0,0,0,0,0,0,0,0,25,9,5.653220202991184
SF OULU11,Finland,895.3209665295959,0,0,0,0,0,0,0,0,0,1,29,5,5.524394541851223
SF OULU11,Finland,909.6041595148373,0,0,0,0,0,0,0,0,0,1,18,8,7.371242451028516
SF OULU11,Finland,844.2386046043586,0,0,1,0,0,0,0,0,0,0,27,6,7.365232154218916
CZ BRNO05,Czech,400.9378570524441,1,0,0,0,0,0,0,0,0,0,19,8,7.19634860407126
I BARI05,Italy,849.6450184123214,0,0,0,1,0,0,0,0,0,0,29,5,5.84328004207196
S VASTERA01,Sweden,922.7204632709122,0,0,0,0,0,0,0,1,0,0,24,5,5.946873346325643
F PARIS001,France,583.1250363185186,0,0,0,0,0,0,1,0,0,0,23,9,5.860029190998037
HKG BAPT,HongKong,1268.4921891146366,1,0,0,0,0,0,0,0,0,0,23,8,5.519365460425347
D KARLSRU01,Germany,826.7893421349576,0,0,0,0,0,1,0,0,0,0,16,8,8.303950438242635
D KARLSRU01,Germany,951.6554368740641,0,0,0,0,0,0,0,0,0,1,27,6,5.986377010168207
F LILLE01,France,679.8178303031156,0,0,0,0,0,1,0,0,0,0,17,5,5.057370203747625
CZ BRNO05,Czech,385.58155548986815,0,0,0,0,1,0,0,0,0,0,29,8,8.26654204523902
A GRAZ02,Austria,775.0784275227215,0,0,0,0,0,0,0,0,0,1,15,8,5.689191891223998
I ROMA01,Italy,775.3420621167171,0,0,0,0,0,0,0,1,0,0,23,8,7.410533499130311
NL NIJMEGE01,Netherlands,969.1630501165446,0,0,0,0,0,0,1,0,0,0,19,9,6.5857519413004875
F LILLE01,France,580.2954668588839,0,0,0,0,0,1,0,0,0,0,23,9,8.185437027541235
S VASTERA01,Sweden,959.4072592314278,0,1,0,0,0,0,0,0,0,0,17,6,7.90840750777231
I ROMA01,Italy,823.2796803828867,0,0,0,1,0,0,0,0,0,0,27,8,7.4447991398465145
CZ PRAHA10,Czech,428.45851646436967,0,0,0,0,0,0,0,1,0,0,27,6,5.774171407551434
D MUNCHEN01,Germany,934.9943408989984,1,0,0,0,0,0,0,0,0,0,27,6,6.67349823535141
S MALMO01,Sweden,833.4285122892167,0,0,0,0,0,0,1,0,0,0,24,8,6.15727354551635
D TUBINGE01,Germany,934.2551665843066,0,1,0,0,0,0,0,0,0,0,26,8,7.996500408286222
I BARI05,Italy,859.9771322327036,0,0,0,0,0,0,0,0,1,0,17,7,7.46571868615956
CZ BRNO05,Czech,419.8164988706872,0,0,0,0,0,0,1,0,0,0,20,7,7.37641095257291
I PADOVA01,Italy,867.3259503120837,0,0,0,0,0,0,0,0,0,1,25,6,5.564668650323425
SF OULU11,Finland,905.6534223378601,0,0,0,0,0,0,0,0,1,0,21,5,6.84193862441842
F LILLE01,France,585.5573193697577,0,0,1,0,0,0,0,0,0,0,20,7,8.020916221113968
I PADOVA01,Italy,767.5371406865778,0,0,0,0,0,0,1,0,0,0,24,7,6.002966823957969
A GRAZ02,Austria,896.0088208737754,0,0,0,0,0,0,0,1,0,0,26,7,5.533485926612471
Daegu,Korea,1002.6055556922645,0,0,0,0,0,0,1,0,0,0,24,6,6.055562019011388
D DARMSTA02,Germany,964.7104090184935,0,1,0,0,0,0,0,0,0,0,23,9,7.086238366529141
NL NIJMEGE01,Netherlands,917.9224477833128,0,0,0,0,1,0,0,0,0,0,17,7,8.6617882180068
S VASTERA01,Sweden,962.6481812024248,0,0,0,0,0,0,0,0,0,1,17,6,5.4668769478179025
E VALENCI02,Spain,886.9193145142125,0,0,0,0,0,0,0,0,1,0,22,7,5.583528527965166
TR ANKARA04,Turkey,463.44837113771433,0,0,1,0,0,0,0,0,0,0,17,9,7.956571593507155
NL NIJMEGE01,Netherlands,875.5076854257477,0,0,1,0,0,0,0,0,0,0,28,6,6.226219635141477
D TUBINGE01,Germany,960.326526134648,0,0,0,0,0,0,0,1,0,0,25,5,5.239115517890225
I ROMA01,Italy,845.0939729137448,0,0,0,0,0,0,1,0,0,0,26,8,6.9330886467724815
D MUNCHEN01,Germany,851.897443725518,0,0,0,1,0,0,0,0,0,0,21,8,5.333841718409944
D MUNCHEN01,Germany,977.4386726440076,0,0,0,0,0,0,0,0,1,0,20,8,6.423108031163588
E VALENCI02,Spain,775.8594215821572,0,0,0,0,1,0,0,0,0,0,22,5,6.008249030487367
D ERLANGE01,Germany,875.7178090910546,0,0,1,0,0,0,0,0,0,0,21,9,4.626310644147756
A GRAZ02,Austria,867.7710715826029,1,0,0,0,0,0,0,0,0,0,18,5,5.328351275382018
S MALMO01,Sweden,901.7274942310846,1,0,0,0,0,0,0,0,0,0,29,8,7.837304477935355
PL KRAKOW02,Poland,386.4632053878983,0,0,0,0,0,0,0,0,0,1,24,8,5.0621433360845085
D MUNCHEN01,Germany,884.4119399280287,0,0,0,0,0,1,0,0,0,0,20,9,7.803215646571536
SF OULU11,Finland,836.8190745974148,0,0,0,0,0,0,0,1,0,0,22,9,7.3920130992005735
CZ BRNO05,Czech,455.0121789746578,0,0,0,0,0,0,0,0,1,0,29,8,7.434374208639678
S VASTERA01,Sweden,976.3797088747527,0,0,0,0,1,0,0,0,0,0,25,5,7.8112886070455705
IRL DUBLIN27,Ireland,986.2897620656491,0,0,0,1,0,0,0,0,0,0,19,8,8.747154085895309
IRL CORK01,Ireland,1073.4540262005503,0,0,0,0,0,0,0,0,1,0,29,7,7.309001496427249
Daegu,Korea,867.6212738294643,0,0,1,0,0,0,0,0,0,0,25,5,7.33034951786759
D MUNCHEN01,Germany,897.849584443126,0,0,0,0,0,0,0,1,0,0,25,9,7.467682451961447
D ERLANGE01,Germany,959.426312555758,1,0,0,0,0,0,0,0,0,0,26,5,6.021220362480718
CZ PRAHA10,Czech,447.95746678084237,0,0,0,0,0,0,0,1,0,0,26,6,6.466645075674914
D ERLANGE01,Germany,935.1960908158823,0,0,0,0,0,1,0,0,0,0,23,7,5.660958036035257
LT KAUNAS02,Lithuania,295.9750015716115,0,0,0,0,0,0,1,0,0,0,23,8,7.599083107435111
E VALENCI02,Spain,819.3703905419275,0,0,1,0,0,0,0,0,0,0,16,8,6.452716024144506
S VASTERA01,Sweden,850.5001032263782,0,0,0,0,0,0,1,0,0,0,28,5,8.014903279316357
P COIMBRA01,Portugal,644.323568909078,0,0,0,1,0,0,0,0,0,0,18,5,6.023410234112415
LT KAUNAS02,Lithuania,287.3910904152783,0,0,1,0,0,0,0,0,0,0,15,8,7.897993945662005
S MALMO01,Sweden,912.69743342006,0,0,0,0,0,0,1,0,0,0,29,7,7.3021691799800355
D TUBINGE01,Germany,863.9202142225286,0,0,0,0,1,0,0,0,0,0,19,9,7.297468461289757
D KARLSRU01,Germany,826.9151467059377,0,0,0,0,0,0,0,0,0,1,26,8,7.067491762313901
I ROMA01,Italy,761.1092544629664,0,0,0,0,0,0,0,0,0,1,28,8,6.8033998415568675
D ERLANGE01,Germany,929.3331382391334,0,0,0,0,0,0,1,0,0,0,18,6,6.482897055577912
P COIMBRA01,Portugal,656.3381481346023,0,0,1,0,0,0,0,0,0,0,25,9,7.678165229730879
D KARLSRU01,Germany,835.589523253382,0,0,0,0,0,0,0,1,0,0,28,6,7.38995013798975
S LULEA01,Sweden,944.5934868498339,0,0,0,0,0,1,0,0,0,0,19,6,5.255029900295013
S LULEA01,Sweden,918.0148107167862,0,0,1,0,0,0,0,0,0,0,23,6,7.155714708863532
A GRAZ02,Austria,780.9825320852822,0,0,0,0,1,0,0,0,0,0,20,9,9.441841655700575
TR ANKARA04,Turkey,497.34625346523154,1,0,0,0,0,0,0,0,0,0,15,5,5.376887812105471
TR ANKARA04,Turkey,469.8765005679454,0,0,0,1,0,0,0,0,0,0,25,9,9.432711133578911
E VALENCI02,Spain,888.4231273360424,1,0,0,0,0,0,0,0,0,0,23,6,5.667531636103977
CZ PRAHA10,Czech,421.8241736259563,0,1,0,0,0,0,0,0,0,0,26,7,7.22259631862389
E VALENCI02,Spain,890.6723658135759,0,0,0,0,0,0,0,1,0,0,28,5,5.224699891004763
HKG BAPT,HongKong,1175.9546831937837,0,0,0,0,0,1,0,0,0,0,29,9,7.577692926952642
IRL CORK01,Ireland,1088.6303778066817,1,0,0,0,0,0,0,0,0,0,19,8,7.660163842959505
F PARIS001,France,613.258545068921,0,0,1,0,0,0,0,0,0,0,18,9,7.908319626940954
F LILLE01,France,591.6814130552123,0,0,0,0,0,0,0,1,0,0,20,7,7.164888773455851
SF OULU11,Finland,793.8233804315627,0,0,0,0,0,0,1,0,0,0,26,6,6.019967515747892
HKG BAPT,HongKong,1156.676016842472,0,0,0,0,0,0,0,1,0,0,19,7,6.462700835530852
D TUBINGE01,Germany,967.5885603053399,0,0,0,1,0,0,0,0,0,0,20,5,6.68888576374042
D BERLIN02,Germany,940.5234521172113,0,0,0,0,0,1,0,0,0,0,27,8,5.092557626693152
D BERLIN02,Germany,821.8637778586811,0,0,0,0,1,0,0,0,0,0,29,8,9.074951074190334
P COIMBRA01,Portugal,689.1830170568987,0,0,0,0,0,1,0,0,0,0,18,7,5.889182370715368
HKG BAPT,HongKong,1276.2246499562452,0,0,0,0,0,0,0,0,1,0,22,6,6.594926684345415
D TUBINGE01,Germany,821.394379036455,0,0,1,0,0,0,0,0,0,0,25,6,7.206073981722335
B LEUVEN01,Belgium,389.97136739752233,0,0,0,0,0,0,0,0,1,0,19,9,6.791258729557245
Daegu,Korea,904.2969197669811,0,0,0,0,0,0,0,1,0,0,16,7,6.369128407296781
D BERLIN02,Germany,831.2374513492404,0,0,0,0,0,0,0,0,1,0,19,8,8.53189571561998
CZ PRAHA10,Czech,420.87953994496104,0,0,0,0,0,0,0,1,0,0,25,7,7.184368243938092
I ROMA01,Italy,918.7071225061903,0,0,0,0,0,0,0,0,1,0,19,8,5.715629765925429
CZ BRNO05,Czech,414.6392926318114,1,0,0,0,0,0,0,0,0,0,22,8,5.311672849557966
TR ANKARA04,Turkey,459.86172561312947,1,0,0,0,0,0,0,0,0,0,22,8,6.286885779504102
CZ BRNO05,Czech,393.76815177960367,0,0,1,0,0,0,0,0,0,0,19,5,5.331903560043559
B LEUVEN01,Belgium,413.2332270605269,0,0,0,0,0,0,0,1,0,0,25,7,7.715474546106595
A KLAGENF01,Austria,805.4040199327627,0,1,0,0,0,0,0,0,0,0,16,7,6.730271133704814
D ERLANGE01,Germany,815.5720148932352,0,0,0,1,0,0,0,0,0,0,29,8,5.964432269689539
F LILLE01,France,635.1939174914862,1,0,0,0,0,0,0,0,0,0,16,5,6.302175282726927
SF OULU11,Finland,875.6941584013664,0,0,0,0,1,0,0,0,0,0,28,9,5.219875900486938
SF OULU11,Finland,784.0042572816361,0,1,0,0,0,0,0,0,0,0,20,9,7.875488746552181
IS REYKJAV05,Iceland,1691.0694295205271,0,0,0,0,0,0,1,0,0,0,16,7,9.34217923756929
PL KRAKOW02,Poland,432.585243836676,0,1,0,0,0,0,0,0,0,0,21,9,5.935460319447413
P COIMBRA01,Portugal,730.2747463114783,0,0,0,0,0,0,0,0,1,0,25,7,6.381756246599506
A GRAZ02,Austria,884.4801125098891,0,0,1,0,0,0,0,0,0,0,27,5,6.444077960473881
TR ANKARA04,Turkey,511.65294997583464,1,0,0,0,0,0,0,0,0,0,22,6,7.547569624788062
S VASTERA01,Sweden,819.73685091376,0,1,0,0,0,0,0,0,0,0,20,9,8.422501619825518
D BERLIN02,Germany,941.6554217563437,0,1,0,0,0,0,0,0,0,0,16,5,5.756511558430505
LT KAUNAS02,Lithuania,332.5738015535637,0,0,0,0,1,0,0,0,0,0,25,5,4.897661873148929
IS REYKJAV05,Iceland,1709.7542607896285,0,1,0,0,0,0,0,0,0,0,16,9,4.574961703592224
S MALMO01,Sweden,829.8982004523835,0,0,0,0,0,0,0,0,1,0,17,9,8.266893564316625
D MUNCHEN01,Germany,843.8650376884068,1,0,0,0,0,0,0,0,0,0,21,7,7.138483632488397
S LULEA01,Sweden,882.2834300691758,0,0,0,0,0,0,0,0,1,0,22,7,6.610021826171997
F PARIS001,France,595.7080663821887,0,0,0,0,0,0,0,0,0,1,29,9,6.909456898290158
D DARMSTA02,Germany,916.2514997843728,0,0,0,0,0,0,1,0,0,0,28,6,5.406911364494217
I ROMA01,Italy,887.2917914171796,0,0,0,0,0,0,0,0,1,0,20,7,6.116623001160798
A GRAZ02,Austria,781.3835165580837,0,0,0,1,0,0,0,0,0,0,29,5,6.62859447387357
S LULEA01,Sweden,878.0667647465846,0,1,0,0,0,0,0,0,0,0,27,7,6.448125906870863
F LILLE01,France,670.8818478623344,0,0,0,1,0,0,0,0,0,0,28,5,5.953673066628647
IRL DUBLIN27,Ireland,1093.98855025111,0,0,0,0,0,0,0,0,0,1,20,6,7.135450418712624
B LEUVEN01,Belgium,456.2638684242741,0,0,0,0,1,0,0,0,0,0,29,9,8.35450889630695
CZ PRAHA07,Czech,403.960126747375,0,0,0,0,0,0,0,0,0,1,16,8,6.840549623857579
D MUNCHEN01,Germany,828.5861906447768,0,0,0,0,0,0,0,0,0,1,24,5,6.290364693584186
SF OULU11,Finland,824.0045738698619,0,0,0,0,0,0,0,0,0,1,25,7,6.195552778748603
D DARMSTA02,Germany,895.9386585917956,0,0,1,0,0,0,0,0,0,0,15,6,7.027380990352053
IRL DUBLIN27,Ireland,1122.2759660733686,0,0,0,1,0,0,0,0,0,0,27,5,6.914198543332203
F PARIS001,France,668.509586463723,0,0,0,1,0,0,0,0,0,0,22,5,5.479919701942922
I BARI05,Italy,901.0728420125209,0,0,0,0,0,0,0,0,1,0,23,8,10.030578770239824
D KARLSRU01,Germany,975.8012153347016,0,0,1,0,0,0,0,0,0,0,16,8,6.1506825991761085
Daegu,Korea,1028.724783215076,0,1,0,0,0,0,0,0,0,0,21,7,7.430892840162171
A GRAZ02,Austria,889.4640435467634,0,1,0,0,0,0,0,0,0,0,28,8,7.779097150596388
SF OULU11,Finland,871.5408263667249,0,0,0,0,0,0,1,0,0,0,22,7,6.405869725622669
A GRAZ02,Austria,817.2377485415211,1,0,0,0,0,0,0,0,0,0,16,9,8.248351214196958
B LEUVEN01,Belgium,437.7753717170426,0,0,0,0,0,0,0,0,0,1,23,7,6.4139723255129075
Daegu,Korea,1020.8797889822986,0,0,0,0,1,0,0,0,0,0,17,5,7.163865928808504
CZ PRAHA10,Czech,388.6044635733223,0,0,0,0,0,0,0,1,0,0,19,9,8.69147812369674
F PARIS001,France,570.2072988884227,0,0,1,0,0,0,0,0,0,0,26,8,6.259924802251086
S VASTERA01,Sweden,938.7383879176475,0,0,0,1,0,0,0,0,0,0,28,5,5.8020981613142295
D TUBINGE01,Germany,848.2029994915446,0,0,0,0,0,0,0,0,1,0,17,9,9.411041765749356
A GRAZ02,Austria,847.6490589952314,0,0,0,0,0,0,0,0,1,0,29,8,7.022600487670677
LT KAUNAS02,Lithuania,313.99989094248747,0,0,1,0,0,0,0,0,0,0,16,9,6.519939660773699
SF OULU11,Finland,807.2681010166316,0,0,0,0,0,0,0,0,0,1,17,8,5.6736126607456345
S MALMO01,Sweden,917.9152463393757,0,0,0,0,0,0,0,0,1,0,15,6,6.537183330935493
E BARCELO01,Spain,851.3698099999895,0,0,1,0,0,0,0,0,0,0,17,6,8.805275485835248
S MALMO01,Sweden,853.6918614324819,0,0,0,0,0,1,0,0,0,0,18,5,7.057093981477612
S LULEA01,Sweden,933.8098584068582,0,0,0,0,0,0,0,0,1,0,26,6,6.856749816707302
E BARCELO01,Spain,816.7246397188214,0,0,0,0,0,0,0,1,0,0,27,5,5.257052346863245
Daegu,Korea,1004.8122946738204,0,0,0,0,0,0,1,0,0,0,24,8,4.455286246863852
D BERLIN02,Germany,818.6700485900462,0,0,0,1,0,0,0,0,0,0,20,8,7.420847191014048
EE TALLINN04,Estonia,402.79800985458945,1,0,0,0,0,0,0,0,0,0,26,9,5.76767458542505
A GRAZ02,Austria,883.4283946459211,0,0,0,0,0,0,0,0,1,0,21,9,5.405975296154325
HKG BAPT,HongKong,1377.6657170342605,0,0,1,0,0,0,0,0,0,0,19,7,6.615420794249746
D ERLANGE01,Germany,832.6171455808408,0,0,0,0,0,0,0,1,0,0,15,6,8.056655526664326
IRL CORK01,Ireland,1068.169318202985,0,0,0,1,0,0,0,0,0,0,22,9,8.711209989998894
D MUNCHEN01,Germany,865.9523554237321,0,0,0,0,0,1,0,0,0,0,26,5,6.182532975800125
F PARIS001,France,584.7117388727576,0,1,0,0,0,0,0,0,0,0,17,5,5.391075482119496
B LEUVEN01,Belgium,444.34297975092113,0,0,1,0,0,0,0,0,0,0,26,5,7.6611423300570145
Daegu,Korea,1023.4783377935396,0,0,0,1,0,0,0,0,0,0,26,5,5.556555050053747
D BERLIN02,Germany,915.7584468119638,0,0,0,0,0,0,1,0,0,0,28,9,7.047801497243172
I BARI05,Italy,853.8339516674624,0,1,0,0,0,0,0,0,0,0,16,6,6.668205183147986
CZ PRAHA07,Czech,428.9268241838643,0,0,0,0,0,0,1,0,0,0,27,7,5.888901257497047
B LEUVEN01,Belgium,380.67164092714074,0,0,0,0,0,1,0,0,0,0,23,9,7.776033881922511
B LEUVEN01,Belgium,405.2234568747605,0,1,0,0,0,0,0,0,0,0,19,8,6.91010087686317
D DARMSTA02,Germany,828.8238558993556,0,1,0,0,0,0,0,0,0,0,17,8,5.719435626711785
A GRAZ02,Austria,885.9059498347914,1,0,0,0,0,0,0,0,0,0,27,6,6.050569129305665
A GRAZ02,Austria,794.4532880496042,0,0,0,0,0,0,1,0,0,0,27,9,7.165797499600162
E BARCELO01,Spain,858.5702634863585,0,0,0,0,0,0,0,0,0,1,21,6,5.595930055726177
B LEUVEN01,Belgium,420.1111562500775,0,0,0,0,0,1,0,0,0,0,24,6,5.445175600817234
D MUNCHEN01,Germany,974.4959445907282,0,0,0,0,0,0,0,1,0,0,28,6,6.6504678105989585
CZ PRAHA10,Czech,414.37013500859797,0,0,0,0,1,0,0,0,0,0,21,9,7.292359217054351
I ROMA01,Italy,787.2114309862502,0,0,0,0,0,1,0,0,0,0,17,6,6.211836238960119
I ROMA01,Italy,902.0711119447201,0,0,0,0,0,0,1,0,0,0,21,8,7.254221443809847
LT KAUNAS02,Lithuania,320.6012730589309,0,0,0,1,0,0,0,0,0,0,19,7,8.492473592899918
CZ PRAHA10,Czech,400.42870741852306,0,0,0,0,1,0,0,0,0,0,15,6,6.8708247951503685
A GRAZ02,Austria,873.2970588594258,0,0,0,0,1,0,0,0,0,0,21,7,4.163192424210936
I ROMA01,Italy,913.5156542709236,0,0,0,0,0,1,0,0,0,0,21,6,6.59074073864892
I PADOVA01,Italy,773.6702435071134,1,0,0,0,0,0,0,0,0,0,27,7,7.954108021105613
D TUBINGE01,Germany,929.9790533606737,1,0,0,0,0,0,0,0,0,0,29,5,7.331259590933292
I BARI05,Italy,912.9970453657863,0,0,1,0,0,0,0,0,0,0,29,8,8.146114974855832
D DARMSTA02,Germany,881.5927067611874,0,1,0,0,0,0,0,0,0,0,18,8,6.604392176194278
P COIMBRA01,Portugal,635.3119683773253,0,0,0,0,0,1,0,0,0,0,29,9,7.084792391926325
F LILLE01,France,601.4684371052585,0,0,0,0,0,0,0,0,0,1,17,6,7.5722421524854235
IRL DUBLIN27,Ireland,1029.7967395682072,0,0,0,0,0,0,0,0,0,1,28,9,9.27653754313013
D BERLIN02,Germany,875.7754418157625,0,0,0,0,0,1,0,0,0,0,20,5,6.75519195231081
NL NIJMEGE01,Netherlands,898.4673653766492,0,0,0,0,0,0,1,0,0,0,21,7,5.891799176232757
I PADOVA01,Italy,772.4553634435924,0,0,0,1,0,0,0,0,0,0,18,9,6.796977600362557
D TUBINGE01,Germany,855.6555561161856,0,0,0,1,0,0,0,0,0,0,23,8,6.632191375472035
Daegu,Korea,898.6589774382962,0,0,0,0,0,1,0,0,0,0,22,7,6.221669345345297
LT KAUNAS02,Lithuania,318.0505611993878,0,0,0,1,0,0,0,0,0,0,21,5,6.107117479222539
S VASTERA01,Sweden,809.5403684142303,0,0,0,0,0,1,0,0,0,0,24,8,8.501540048234311
F PARIS001,France,627.913410729032,0,0,0,0,0,1,0,0,0,0,26,7,6.618310929047236
Daegu,Korea,879.1856981619901,0,0,0,0,0,0,0,1,0,0,22,7,6.886318856222271
CZ BRNO05,Czech,451.7486547834476,1,0,0,0,0,0,0,0,0,0,29,6,6.3526753889844185
Daegu,Korea,1011.1377140441186,0,0,0,1,0,0,0,0,0,0,22,6,6.326956511068414
P COIMBRA01,Portugal,727.7066128611132,0,0,0,1,0,0,0,0,0,0,18,5,6.224183323749791
D KARLSRU01,Germany,923.2613254826672,0,0,0,0,0,1,0,0,0,0,22,7,6.754474907273806
B LEUVEN01,Belgium,404.42611875496704,0,0,0,0,0,0,0,1,0,0,17,8,7.994951740608082
S VASTERA01,Sweden,888.4746885885402,0,0,0,0,1,0,0,0,0,0,29,8,6.0071484797423516
TR ANKARA04,Turkey,432.8554931906503,0,0,0,0,0,0,0,0,1,0,27,6,5.797198681895108
E BARCELO01,Spain,822.6055377391933,0,0,1,0,0,0,0,0,0,0,26,7,8.275222924044476
IRL DUBLIN27,Ireland,951.6641111726818,0,1,0,0,0,0,0,0,0,0,18,9,8.040673837448404
LT KAUNAS02,Lithuania,286.6198512008737,0,0,1,0,0,0,0,0,0,0,15,6,7.906830846937318
NL NIJMEGE01,Netherlands,865.682798077212,1,0,0,0,0,0,0,0,0,0,16,7,6.578377393835248
D BERLIN02,Germany,913.356910952299,0,0,0,0,0,0,0,1,0,0,17,8,6.480211539808733
B LEUVEN01,Belgium,406.05101676008917,0,0,0,1,0,0,0,0,0,0,24,9,6.9364355529507
NL NIJMEGE01,Netherlands,989.3800360421226,0,0,0,0,0,0,1,0,0,0,19,7,6.499922755644354
D BERLIN02,Germany,840.3440510143482,0,0,0,0,0,0,1,0,0,0,17,5,5.524640822745175
S VASTERA01,Sweden,973.8760902437658,0,0,1,0,0,0,0,0,0,0,16,6,5.851706403531072
P COIMBRA01,Portugal,663.5886043317772,0,0,0,1,0,0,0,0,0,0,16,9,7.292756809879915
E VALENCI02,Spain,760.6062797964395,0,0,0,0,0,0,0,0,1,0,21,5,5.914573894112944
D BERLIN02,Germany,837.1384666187184,1,0,0,0,0,0,0,0,0,0,24,5,5.812890807572497
E BARCELO01,Spain,768.5068755930723,0,0,0,1,0,0,0,0,0,0,20,8,6.767547908297562
I PADOVA01,Italy,890.9199149960517,0,0,0,0,1,0,0,0,0,0,16,9,5.349157348620157
F LILLE01,France,592.0612746169315,0,0,0,0,0,0,0,0,1,0,29,9,5.707493805039696
E VALENCI02,Spain,918.7904217780914,0,0,0,0,0,0,0,0,0,1,21,9,8.847971241082321
F LILLE01,France,603.3388106617551,0,0,0,0,0,0,0,0,0,1,18,7,7.062826090801415
D MUNCHEN01,Germany,940.1616548149262,1,0,0,0,0,0,0,0,0,0,28,7,7.429098429734657
D MUNCHEN01,Germany,910.9576218299921,0,0,0,0,0,0,0,0,1,0,23,9,6.814346941864913
S LULEA01,Sweden,972.8971892125919,0,0,0,0,1,0,0,0,0,0,23,9,8.382802435802029
F LILLE01,France,672.2465657999514,0,1,0,0,0,0,0,0,0,0,20,9,7.899858519416304
IS REYKJAV05,Iceland,1485.015104262172,0,0,0,1,0,0,0,0,0,0,18,8,6.122240748320078
SF OULU11,Finland,809.0062555460978,0,0,0,0,0,1,0,0,0,0,28,5,7.32803422106414
D MUNCHEN01,Germany,850.9575908014893,0,0,0,0,0,0,0,0,0,1,22,7,6.612432318096115
S VASTERA01,Sweden,868.1400143286519,0,0,0,0,0,0,0,1,0,0,24,8,7.973204489860665
S VASTERA01,Sweden,932.4982444720337,0,0,0,0,0,0,0,0,1,0,23,5,6.208774825201281
HKG BAPT,HongKong,1370.7165040697964,0,0,0,0,0,0,0,0,0,1,29,6,5.366597209386982
SF OULU11,Finland,897.6597274973026,0,0,1,0,0,0,0,0,0,0,15,7,7.394778426249749
E BARCELO01,Spain,877.4274578417622,0,0,0,0,0,1,0,0,0,0,20,7,7.1604505582854685
D DARMSTA02,Germany,884.2687357676059,0,0,0,0,0,0,0,0,1,0,15,7,7.297087239288937
S MALMO01,Sweden,813.0519538761256,0,0,1,0,0,0,0,0,0,0,21,6,6.595547573834094
PL KRAKOW02,Poland,419.32835501667665,0,0,0,0,0,0,0,1,0,0,22,6,8.14484395522841
A GRAZ02,Austria,863.4460849629236,0,0,0,0,0,0,0,0,0,1,28,9,7.087328683405136
D ERLANGE01,Germany,870.35113359906,0,0,0,0,0,0,0,0,0,1,28,8,6.619928514935482
LT KAUNAS02,Lithuania,298.93603199824474,1,0,0,0,0,0,0,0,0,0,22,8,8.112193081948844
CZ PRAHA07,Czech,384.833070937365,0,0,0,1,0,0,0,0,0,0,24,9,7.043379170853423
E BARCELO01,Spain,863.4103622807771,0,0,0,0,0,1,0,0,0,0,29,7,7.288533564376122
IRL CORK01,Ireland,1096.8084039812513,1,0,0,0,0,0,0,0,0,0,20,9,8.375301525462948
D DARMSTA02,Germany,913.5913123449839,0,0,0,1,0,0,0,0,0,0,24,7,8.136258463116114
SF OULU11,Finland,906.17142578666,0,0,0,1,0,0,0,0,0,0,25,5,6.78052572648865
I BARI05,Italy,765.1082509874525,0,0,0,0,0,0,0,0,1,0,22,9,7.247745736170143
IS REYKJAV05,Iceland,1546.6669980775687,0,0,0,0,0,0,1,0,0,0,17,6,5.706623339331262
PL KRAKOW02,Poland,444.3602579733816,0,0,1,0,0,0,0,0,0,0,25,6,6.541431181955977
E BARCELO01,Spain,849.1835586728565,0,0,0,0,0,0,0,0,1,0,23,6,8.27910735597151
I ROMA01,Italy,814.7692694101921,0,0,0,0,0,0,0,0,0,1,20,5,6.86200770692016
F PARIS001,France,661.0783325927789,0,1,0,0,0,0,0,0,0,0,29,6,5.6942437894688736
A GRAZ02,Austria,775.5908343976644,0,0,0,0,0,0,0,1,0,0,18,9,8.504580713092665
SF OULU11,Finland,821.8047492275354,0,0,0,0,0,1,0,0,0,0,15,9,7.6727633059336275
S MALMO01,Sweden,939.4549979010894,1,0,0,0,0,0,0,0,0,0,16,5,6.142229752253194
SF OULU11,Finland,761.7331897344897,0,0,0,0,1,0,0,0,0,0,15,5,5.744042929877808
B LEUVEN01,Belgium,435.74580993623704,0,1,0,0,0,0,0,0,0,0,16,5,6.356881392372399
NL NIJMEGE01,Netherlands,1005.8698621038216,0,0,0,0,0,0,0,0,0,1,18,7,6.825515357090065
D KARLSRU01,Germany,858.8375836645785,0,0,0,1,0,0,0,0,0,0,28,9,5.405052129861461
