ID,country,cost,accomodation,duration,field,ects,grades,difficulty,sat
S MALMO01,Sweden,972.0397703587132,2,5,CG,15,6,9,4.101818363134557
EE TALLINN04,Estonia,415.5482090331437,0,4,AI,29,6,8,4.603912650269498
S MALMO01,Sweden,916.5516357882501,1,5,Sec,15,6,7,4.836476292875661
I PADOVA01,Italy,798.8475789275333,1,9,CG,15,6,5,4.894126072361063
CZ PRAHA10,Czech,387.2882871922049,0,9,Sec,22,5,8,4.457205486814582
IRL CORK01,Ireland,989.9789664581884,2,3,Sec,27,8,9,4.8328656564707195
EE TALLINN04,Estonia,404.11032214136145,1,10,AI,26,8,7,5.402172184924027
CZ PRAHA07,Czech,400.7454085454216,1,9,IS,15,9,9,5.335579730804213
S LULEA01,Sweden,914.2098151032701,2,4,CG,18,8,7,5.124212023442134
D KARLSRU01,Germany,969.9677566054776,2,9,MP,25,7,7,5.880999576466008
SF OULU11,Finland,786.704617417616,2,8,Sec,26,6,6,5.3384085322738635
Daegu,Korea,1011.4388543472794,2,5,CG,28,9,5,6.89363501435048
D MUNCHEN01,Germany,837.4452418377201,2,5,MP,16,9,6,5.991261230279437
IS REYKJAV05,Iceland,1597.1482358942583,0,8,Math,15,9,9,4.675503389375124
IRL CORK01,Ireland,1062.4205220437527,1,3,MP,18,5,6,4.630114812810441
I PADOVA01,Italy,812.1095493673914,0,6,Sec,18,9,7,5.647055241818348
I BARI05,Italy,783.6830848693367,0,5,Math,29,8,5,5.828138974269754
I ROMA01,Italy,811.9208153331907,0,4,HW,18,5,5,5.1272813797688475
NL NIJMEGE01,Netherlands,959.2338390220873,0,6,NW,28,9,7,5.859066954750971
S VASTERA01,Sweden,923.9615165430765,0,7,Sec,23,6,6,5.002632271374959
SF OULU11,Finland,780.5963365460076,1,8,AI,25,6,6,4.0749778197026725
LT KAUNAS02,Lithuania,289.912043518265,2,5,HW,28,9,5,5.564308569952692
D DARMSTA02,Germany,901.2824084652789,0,7,Math,26,5,5,4.249578782715702
PL KRAKOW02,Poland,432.73856043248117,0,6,NW,16,5,5,5.315137544195172
A GRAZ02,Austria,913.7256870203147,0,8,AI,18,9,5,5.742750205363117
SF OULU11,Finland,794.6214500418523,0,7,Bio,28,9,7,5.694867407134457
A GRAZ02,Austria,814.4982879726903,0,9,Math,25,9,7,6.0495969627174775
A KLAGENF01,Austria,802.6198384192166,1,4,HW,16,7,8,5.1435121203700565
D BERLIN02,Germany,812.7890847718128,1,8,CG,28,9,6,6.553946988824408
D MUNCHEN01,Germany,864.4305222848732,2,5,CG,26,7,7,5.200158322425443
S MALMO01,Sweden,815.9778287229497,2,5,NW,19,7,9,5.569054537767992
CZ PRAHA07,Czech,443.85486114689536,0,7,Sec,15,9,6,5.0592425009871205
IRL DUBLIN27,Ireland,959.347100736295,2,5,Alg,21,9,9,5.751083580895871
IS REYKJAV05,Iceland,1449.7898466900474,2,5,AI,15,9,5,5.712477411347877
D KARLSRU01,Germany,936.9422565410553,0,9,Bio,27,6,5,5.5932815153739295
EE TALLINN04,Estonia,420.48138204194095,1,6,HW,18,8,5,6.141989246161097
NL NIJMEGE01,Netherlands,974.1133759259608,2,6,Alg,24,6,7,4.782565266066396
LT KAUNAS02,Lithuania,314.0969784874955,0,5,HW,17,8,6,5.641031878341188
CZ PRAHA10,Czech,401.20504768538274,1,7,IS,26,6,5,5.379209698320169
D MUNCHEN01,Germany,903.6129244861489,1,5,IS,27,5,5,4.96829381368668
HKG BAPT,HongKong,1299.7547367251423,2,5,HW,24,5,7,4.17506491202963
P COIMBRA01,Portugal,690.600451227963,2,5,Sec,27,8,7,5.202422443007917
P COIMBRA01,Portugal,683.0834508656241,1,10,HW,18,5,7,4.946981390378186
S MALMO01,Sweden,902.557315087343,1,4,AI,19,8,8,5.036916696680972
TR ANKARA04,Turkey,444.73162970650793,2,6,Alg,23,9,9,5.264605719775467
D MUNCHEN01,Germany,949.5723185486647,0,5,Sec,22,5,8,2.267161877632436
D DARMSTA02,Germany,821.5190875965097,0,9,Alg,28,6,8,4.455967772259873
S VASTERA01,Sweden,847.8566211277513,2,4,Sec,28,9,9,5.238944812020248
S VASTERA01,Sweden,939.5687392804082,0,5,MP,27,5,9,3.8468318653735074
S VASTERA01,Sweden,876.6294493027979,0,7,Alg,22,6,5,5.98193053286123
D MUNCHEN01,Germany,859.8731964583536,1,5,NW,22,7,9,4.533994605427934
NL NIJMEGE01,Netherlands,917.649156010187,1,5,IS,15,5,7,5.150149363620104
CZ BRNO05,Czech,381.1824073923657,0,5,Bio,27,8,9,5.013314300399871
Daegu,Korea,858.5657875916014,1,5,Sec,17,8,6,5.51949988677822
E VALENCI02,Spain,851.4831811482726,0,8,Sec,25,8,7,5.155672810014049
D KARLSRU01,Germany,825.5032998391149,0,6,Alg,23,7,7,5.268764523203856
D ERLANGE01,Germany,914.5715718318405,0,5,MP,21,6,7,4.822981919159804
CZ PRAHA10,Czech,406.9535811841466,0,7,NW,24,5,8,5.180284351860038
PL KRAKOW02,Poland,397.260716290067,2,4,AI,20,6,9,4.997241452459287
D KARLSRU01,Germany,836.1820184964954,0,7,IS,21,6,7,4.773435078478541
D MUNCHEN01,Germany,871.5656747351572,2,5,Math,23,5,5,5.275745537919469
E VALENCI02,Spain,895.9505457124353,2,10,Bio,25,8,8,5.04559405268472
P COIMBRA01,Portugal,704.2518538363761,2,9,IS,16,7,8,4.655954718691184
D ERLANGE01,Germany,851.462149096668,2,5,Alg,20,6,9,5.630452641074052
NL NIJMEGE01,Netherlands,952.9236187529367,0,4,NW,17,9,6,5.875333764700639
F LILLE01,France,630.3975584914173,0,5,Sec,17,9,7,6.340428001000173
CZ PRAHA07,Czech,459.8102996604195,2,8,HW,16,5,9,4.079372906547431
F LILLE01,France,666.0558000325893,0,9,Alg,26,5,8,3.816189194353064
Daegu,Korea,901.0697220564762,2,5,Bio,18,9,6,6.171018025566318
A KLAGENF01,Austria,884.5237867083692,2,10,HW,18,6,5,5.557263168658399
CZ PRAHA07,Czech,430.1436437148467,2,5,MP,23,5,6,5.1043414130742635
LT KAUNAS02,Lithuania,312.89165790424624,1,5,Alg,26,5,5,5.0751449794990755
HKG BAPT,HongKong,1298.8193747718879,1,5,Math,19,6,5,5.165240408854057
PL KRAKOW02,Poland,429.8288232459604,2,6,MP,17,8,7,5.043964910051009
SF OULU11,Finland,783.1077002512575,1,10,AI,25,8,9,5.196894308115284
I ROMA01,Italy,804.2004662613465,1,5,Bio,25,6,9,5.122201917761187
CZ BRNO05,Czech,405.4809924552116,0,5,IS,29,5,7,5.093009754932188
D TUBINGE01,Germany,931.2860919489171,1,6,CG,25,6,7,4.78117810749228
D MUNCHEN01,Germany,976.6388470310732,0,5,IS,25,6,8,4.406508393529177
D TUBINGE01,Germany,940.020172868627,1,6,AI,27,6,5,5.239227506013315
D TUBINGE01,Germany,974.0360601473546,2,7,AI,17,6,8,3.927103017175277
I BARI05,Italy,897.5819127971889,0,5,Bio,26,5,7,4.706893496731041
CZ PRAHA10,Czech,443.58484302819835,0,9,Math,18,9,8,5.481018057106652
D DARMSTA02,Germany,833.5604299771309,0,8,AI,21,5,6,4.855601530200098
S MALMO01,Sweden,935.4082967352633,0,5,Alg,21,5,6,4.679480237141617
F LILLE01,France,575.5375364802251,2,7,MP,22,9,9,5.160515798444649
D BERLIN02,Germany,831.1027211025546,2,9,HW,21,9,6,5.884109279697305
IRL CORK01,Ireland,1130.1486719167374,1,3,AI,16,7,6,5.073937730365298
D MUNCHEN01,Germany,860.3150260910247,1,5,AI,26,6,8,4.7054580838220454
CZ PRAHA10,Czech,445.91319266077943,2,9,MP,22,8,7,5.501627519084565
S LULEA01,Sweden,872.5234123059845,2,4,HW,17,5,8,4.378256671915713
F PARIS001,France,612.4973746490501,0,5,IS,25,7,6,4.7137538764948195
E BARCELO01,Spain,814.5156949623359,1,6,NW,17,9,7,5.116331517780787
I ROMA01,Italy,764.4510976930186,1,5,CG,15,7,6,4.580588639060915
TR ANKARA04,Turkey,466.3489353028914,0,6,CG,23,7,5,6.145880166732777
E BARCELO01,Spain,873.0517522742076,1,6,Alg,23,5,9,5.026675308694871
I PADOVA01,Italy,797.823805434627,0,5,Alg,24,9,8,5.672622126729375
I PADOVA01,Italy,887.5642097848868,1,10,IS,19,8,5,6.310922399922095
S LULEA01,Sweden,955.139412156338,1,4,Math,23,7,6,5.236950623369937
I ROMA01,Italy,897.5495676887299,1,5,Alg,23,9,9,5.166141977941039
CZ BRNO05,Czech,395.0592117854233,0,5,MP,27,8,6,6.036481747821089
TR ANKARA04,Turkey,482.18847565611793,0,6,CG,20,5,8,4.356837499376906
F LILLE01,France,649.8755324934502,1,8,NW,25,8,9,3.8792885453264487
D TUBINGE01,Germany,965.4739276908214,2,6,Bio,22,6,9,4.05487680703636
I PADOVA01,Italy,852.2317156034975,1,4,CG,15,9,7,5.444990768038811
IRL CORK01,Ireland,1067.3293546949471,2,3,HW,27,7,5,6.384001350039933
HKG BAPT,HongKong,1351.7928422664356,0,4,Sec,17,7,9,4.111026959720195
D MUNCHEN01,Germany,922.7347648983439,1,5,HW,22,7,9,4.726780264968466
E BARCELO01,Spain,782.4548289938764,1,5,Alg,29,5,6,5.425084029106633
A KLAGENF01,Austria,821.4908854569139,2,8,Alg,20,6,6,5.53398865007065
EE TALLINN04,Estonia,385.5831054537468,0,6,NW,27,5,5,5.256090544523008
E BARCELO01,Spain,868.3428208480207,2,6,MP,24,9,7,5.595672161576155
IS REYKJAV05,Iceland,1469.6287974194336,1,10,Bio,17,6,8,4.9556815957453715
D ERLANGE01,Germany,873.5273370750896,1,5,Math,22,8,9,5.192847470350814
IRL CORK01,Ireland,1072.8528188651592,1,3,MP,26,9,7,4.971526459530683
D KARLSRU01,Germany,898.0493446133585,1,9,NW,21,7,8,4.850094865694448
D TUBINGE01,Germany,874.6234948917478,0,9,NW,23,9,7,6.057553009450609
IS REYKJAV05,Iceland,1600.4402160793966,1,10,HW,15,6,7,3.9068419811241943
S LULEA01,Sweden,819.6303112811697,1,4,Alg,28,8,5,6.36619718736471
EE TALLINN04,Estonia,418.8134059767242,2,5,HW,18,9,6,5.0660525283775275
D KARLSRU01,Germany,862.7738069732222,2,4,NW,28,8,5,5.674821451791262
S VASTERA01,Sweden,953.1891737137584,0,8,HW,29,5,5,4.888516086783557
HKG BAPT,HongKong,1166.0683966438978,2,5,Math,18,6,9,4.398285563286028
TR ANKARA04,Turkey,481.1642204440288,0,4,NW,24,7,6,5.262816565244705
B LEUVEN01,Belgium,422.4706760576357,1,9,NW,23,9,8,5.639998689252238
D DARMSTA02,Germany,942.6191192811491,0,7,CG,17,6,7,4.995046006661649
S LULEA01,Sweden,928.7363619005899,1,4,Alg,21,5,5,4.70419694467495
D DARMSTA02,Germany,933.6615158309666,1,10,MP,19,9,5,6.429371958217912
D BERLIN02,Germany,831.5577181400391,1,10,Alg,18,6,8,4.598524078885994
Daegu,Korea,1029.845522274425,0,5,NW,26,9,8,4.423901655418681
D BERLIN02,Germany,880.1059293726215,1,6,IS,23,9,6,6.3983473521215695
E VALENCI02,Spain,819.1602031625999,2,4,AI,16,6,9,3.9833025863909484
Daegu,Korea,943.0452134044024,2,5,NW,17,5,7,3.7557876708022615
D KARLSRU01,Germany,962.0914433106173,1,7,Alg,19,9,9,4.660942153140674
CZ PRAHA10,Czech,424.6744383000435,0,9,NW,22,8,7,5.420246224173077
F PARIS001,France,628.0348854247053,2,5,AI,15,9,8,5.660106475776944
PL KRAKOW02,Poland,455.0283981068918,0,6,NW,17,7,8,4.8332031979557
E VALENCI02,Spain,805.0227431538755,0,5,CG,24,7,9,4.8146345545135105
CZ PRAHA10,Czech,408.02064985381884,0,9,AI,24,9,5,5.60999994718068
D TUBINGE01,Germany,952.3337109653602,2,10,Alg,20,6,7,4.673328419118394
IRL DUBLIN27,Ireland,1055.9176209166399,2,6,Math,23,9,8,5.23880522534724
PL KRAKOW02,Poland,443.206795147305,0,6,AI,19,6,6,5.3806436694927875
S LULEA01,Sweden,875.9883139671872,2,4,Math,18,9,6,5.971441716779522
IS REYKJAV05,Iceland,1527.6356842286364,1,7,Math,22,9,5,6.28054461502978
D TUBINGE01,Germany,850.0176449776753,1,9,Bio,29,6,9,4.702972384520303
F LILLE01,France,612.798536816215,2,8,Math,21,8,9,4.861782534718389
Daegu,Korea,864.6543804038361,1,5,Bio,24,7,5,5.749239504461549
E VALENCI02,Spain,765.9432505394788,0,9,CG,19,9,5,6.888523007911302
D MUNCHEN01,Germany,906.7370021082032,1,5,AI,15,5,8,3.9369850256271515
CZ PRAHA10,Czech,451.4407483667865,0,5,IS,24,5,6,5.010725777939187
EE TALLINN04,Estonia,440.2224417911938,1,10,MP,16,6,9,4.020597669074846
I BARI05,Italy,792.0016496524562,1,5,Bio,25,5,7,5.113127951903008
A GRAZ02,Austria,760.0451323513315,1,4,MP,25,9,9,5.476768925452801
Daegu,Korea,1012.979471943305,0,4,IS,22,5,5,5.535650825138525
E BARCELO01,Spain,799.6061209556369,1,6,Alg,15,8,9,5.114583979126001
P COIMBRA01,Portugal,730.6426058817407,0,9,Alg,29,9,8,4.957535121223547
P COIMBRA01,Portugal,632.2400485759251,0,8,Math,24,6,8,4.73261385689001
PL KRAKOW02,Poland,441.9919099768009,0,4,Sec,20,5,8,4.0866946698712585
D MUNCHEN01,Germany,888.1663088470149,2,5,AI,28,5,7,5.392801739839873
S VASTERA01,Sweden,848.6783747853849,1,6,MP,16,5,9,3.082188685441652
Daegu,Korea,879.4492473509896,0,4,CG,18,6,5,5.713553430486753
F LILLE01,France,618.1470919676677,2,5,Math,29,6,7,4.918563114624029
F LILLE01,France,583.8293902825877,0,6,MP,18,8,5,6.960482510732225
NL NIJMEGE01,Netherlands,1003.7963358240536,1,6,Bio,15,5,5,4.711980595643352
I PADOVA01,Italy,796.9173456375107,0,5,Alg,18,9,5,6.393470595976876
I PADOVA01,Italy,804.6953245883492,2,9,Sec,20,9,8,5.377015359854279
EE TALLINN04,Estonia,456.8881589330533,0,4,NW,23,5,6,4.8736058346667965
NL NIJMEGE01,Netherlands,1020.5036355596923,2,6,NW,20,7,7,4.853203605898916
PL KRAKOW02,Poland,442.8534291958962,1,6,Alg,25,8,5,5.86286630185458
CZ PRAHA10,Czech,380.76076712026907,1,5,Bio,16,9,6,6.501472930693784
F LILLE01,France,586.6626828261802,2,11,MP,19,9,5,6.523171897000481
D ERLANGE01,Germany,906.8099405512314,1,5,CG,22,5,8,4.029073011974933
S LULEA01,Sweden,860.9812281941751,0,4,AI,15,8,9,5.225891394923557
D MUNCHEN01,Germany,942.0580299109653,1,5,Bio,24,5,8,4.105568100058306
LT KAUNAS02,Lithuania,292.81344166325204,0,4,IS,20,7,7,5.405827826942093
I BARI05,Italy,843.31022131901,2,5,Bio,26,6,7,4.150134150429592
CZ PRAHA07,Czech,417.020210611099,2,9,HW,24,9,5,6.681349303249491
IRL DUBLIN27,Ireland,986.3496972754347,0,5,IS,20,5,5,5.090044351181097
S LULEA01,Sweden,969.2706992380574,0,4,MP,29,7,5,5.872823871240198
D DARMSTA02,Germany,911.1110933880539,0,10,MP,21,7,8,5.147422001136189
EE TALLINN04,Estonia,402.96890771582713,1,9,Sec,21,9,9,5.288468600732496
S LULEA01,Sweden,920.3076739306294,1,4,NW,19,6,8,4.777706181380024
D ERLANGE01,Germany,834.2551165304233,2,5,MP,16,7,8,4.936505002575871
SF OULU11,Finland,872.6867589412032,2,4,Math,25,8,9,5.209648128760692
D BERLIN02,Germany,921.0399818056405,0,8,MP,26,8,7,4.94592281701323
E BARCELO01,Spain,898.1512589731891,1,6,CG,15,6,7,5.149429885765968
B LEUVEN01,Belgium,380.01485077558254,2,10,Sec,25,8,5,5.953502276401309
Daegu,Korea,985.2839866570446,1,5,Sec,15,8,8,4.964083294816556
A KLAGENF01,Austria,875.197678405145,2,6,MP,23,9,9,5.1330766067376254
D ERLANGE01,Germany,908.177126968232,1,5,Math,23,9,5,6.809650293850166
E BARCELO01,Spain,915.1946539014574,1,6,Sec,28,6,5,5.380933974580689
LT KAUNAS02,Lithuania,329.52449113888633,2,5,Bio,28,7,6,4.321938101287878
E VALENCI02,Spain,776.8915395833734,2,8,Bio,23,9,6,6.049997102589735
E VALENCI02,Spain,775.7943281191539,0,6,HW,27,6,9,4.7128530797292125
A KLAGENF01,Austria,774.7736987953976,2,4,Sec,24,8,8,5.218625156457427
E VALENCI02,Spain,760.1289517898099,1,10,Sec,15,9,7,5.961405210116623
HKG BAPT,HongKong,1191.9972766761425,1,4,NW,17,9,9,5.429836077517352
F LILLE01,France,645.2181064133881,2,8,Math,24,7,6,5.1482452771937055
D ERLANGE01,Germany,845.8692763835136,2,5,HW,19,9,5,6.595541467503389
CZ BRNO05,Czech,413.47598625203375,1,5,CG,22,5,8,4.5768029034513695
F PARIS001,France,610.168444659403,1,5,Math,22,7,5,6.410587984255305
E VALENCI02,Spain,836.4699835456868,2,8,Sec,28,6,6,5.031506419040833
D ERLANGE01,Germany,885.8993456988369,1,5,CG,16,8,6,4.75628814537116
TR ANKARA04,Turkey,483.6683285774776,1,5,HW,29,6,9,4.11679319099907
D BERLIN02,Germany,938.0635813475275,1,6,Sec,22,9,5,7.540067727467985
HKG BAPT,HongKong,1349.788764136601,1,5,Alg,25,9,5,6.914232924420136
CZ BRNO05,Czech,408.9157726502447,0,4,CG,29,5,5,4.99273287285658
B LEUVEN01,Belgium,404.9551089762807,2,8,IS,24,5,8,4.721473213432182
P COIMBRA01,Portugal,714.9305381324818,2,8,HW,20,8,7,4.47245496935786
S VASTERA01,Sweden,807.9344256223624,1,9,Sec,24,7,9,4.811426381560766
D MUNCHEN01,Germany,898.0803251040745,0,5,Sec,28,5,8,3.7998757107663024
D TUBINGE01,Germany,868.0167762358507,1,10,Alg,28,7,5,5.673411140363778
D KARLSRU01,Germany,926.2508162493623,2,6,Sec,22,7,7,4.9693611933888615
D KARLSRU01,Germany,837.4351632669507,2,10,Alg,17,9,9,5.549621811833696
S MALMO01,Sweden,901.5935072982757,1,5,MP,24,7,6,5.4963014345635735
D ERLANGE01,Germany,960.9416768585359,1,5,NW,24,7,8,4.8490525134964795
I ROMA01,Italy,868.4850085327486,2,5,CG,28,5,8,3.834834871622308
E BARCELO01,Spain,910.8938514645744,1,6,CG,24,9,8,5.890365104319523
S LULEA01,Sweden,884.2899187571301,0,4,HW,20,5,8,3.3388359904541165
D TUBINGE01,Germany,886.667905151914,1,11,HW,18,9,7,5.921277649108017
CZ BRNO05,Czech,400.27110223741647,0,5,MP,15,8,9,3.949759860430535
D BERLIN02,Germany,891.0396834753909,1,5,NW,17,6,8,4.281061290735357
Daegu,Korea,903.3861834370233,1,5,IS,25,8,7,5.6975550945448505
TR ANKARA04,Turkey,479.1072830285156,2,5,Alg,25,7,7,5.032027015539223
IRL DUBLIN27,Ireland,1136.7591610233474,1,8,Sec,29,6,7,4.633403328625583
CZ PRAHA10,Czech,411.0756536941925,1,9,NW,17,9,7,5.716665661725194
EE TALLINN04,Estonia,428.1694197957543,2,4,AI,25,8,7,5.299940565569731
CZ PRAHA10,Czech,424.2202729819212,0,9,IS,23,6,6,5.1274508897873226
B LEUVEN01,Belgium,419.21204600464984,2,7,Math,19,8,7,4.455472188601455
Daegu,Korea,911.9095682253667,2,5,NW,19,5,6,5.1479202181338115
D KARLSRU01,Germany,823.3107548014809,1,4,Sec,27,5,8,4.085445569622777
NL NIJMEGE01,Netherlands,1022.1245207036199,1,6,IS,25,7,5,4.846005836481254
A KLAGENF01,Austria,807.3437348227786,1,11,AI,17,8,9,4.746806412694031
I BARI05,Italy,867.096418779619,2,4,Alg,16,9,8,5.828978902991503
I BARI05,Italy,806.899521518915,1,5,Bio,27,6,7,4.969442850780839
S LULEA01,Sweden,897.0142016408415,0,4,HW,25,9,5,5.893409302396491
F PARIS001,France,683.6151462836627,0,5,NW,19,5,5,5.263077296037213
E BARCELO01,Spain,914.0752278008138,2,6,Math,15,5,9,4.123588418147665
S VASTERA01,Sweden,867.6676987460057,1,10,IS,22,5,8,4.226237749747658
LT KAUNAS02,Lithuania,302.27403486888494,0,5,AI,26,5,7,4.644803051531732
D ERLANGE01,Germany,906.1296588607433,1,5,AI,24,8,8,5.260951645509113
D DARMSTA02,Germany,972.3779651303944,0,9,AI,18,9,9,5.437710840456753
S MALMO01,Sweden,863.5268613294587,2,5,HW,20,9,9,5.265070441354173
B LEUVEN01,Belgium,448.3799355864518,2,4,Sec,24,7,7,5.528718190670551
I PADOVA01,Italy,851.1374478567409,0,10,Math,23,7,6,5.11103090154203
TR ANKARA04,Turkey,458.66270036353677,2,6,NW,15,9,8,5.096776859515987
S VASTERA01,Sweden,954.4586416358499,1,10,NW,15,7,5,5.4924152131536985
NL NIJMEGE01,Netherlands,925.1654281285537,2,6,Bio,28,8,8,4.921868866387148
F LILLE01,France,623.5573948110273,1,7,NW,17,6,9,4.998629888788518
S LULEA01,Sweden,820.5060459281715,0,4,NW,21,8,8,5.321764126462126
S MALMO01,Sweden,825.2561020168461,0,5,HW,17,9,7,5.668164477200164
I ROMA01,Italy,771.3998219309126,2,4,Bio,18,7,9,4.917732912686465
SF OULU11,Finland,885.785272883401,0,8,HW,17,5,8,4.55920359034899
TR ANKARA04,Turkey,481.2316289115371,2,6,HW,29,8,8,5.115363360099284
D BERLIN02,Germany,965.8667261740715,0,4,NW,29,5,6,4.901551870110432
E VALENCI02,Spain,785.3753448905625,0,7,Math,17,6,6,4.578308831193414
D KARLSRU01,Germany,929.0820715782999,2,9,IS,19,5,9,4.141232750860142
CZ BRNO05,Czech,455.4176680295236,1,5,Bio,21,7,5,4.352714018999238
E BARCELO01,Spain,870.4635749725476,1,6,Math,18,9,9,4.795190514381241
IRL DUBLIN27,Ireland,1022.7384079025826,2,10,IS,26,5,6,4.714813697007316
E VALENCI02,Spain,874.6355160571095,0,9,NW,24,5,6,4.845009124376741
PL KRAKOW02,Poland,410.88477225481427,2,5,Math,22,6,9,3.9665986890776592
S VASTERA01,Sweden,945.3413323385996,1,9,NW,21,5,6,4.758795390777048
S VASTERA01,Sweden,867.2633864944139,1,4,Bio,28,5,5,4.971690346759464
E VALENCI02,Spain,800.2393401572787,0,6,Math,24,6,7,5.126423229501118
D DARMSTA02,Germany,882.2066176493537,1,9,HW,16,5,5,5.161813926336283
PL KRAKOW02,Poland,398.3500715691239,0,6,Bio,26,9,6,6.125922905601125
EE TALLINN04,Estonia,438.14742690326375,2,4,MP,21,8,5,5.815020598919223
CZ PRAHA10,Czech,441.0448725051927,1,5,Alg,23,8,9,4.114742570965248
Daegu,Korea,878.997581893835,2,5,CG,29,9,8,5.984946234267597
D MUNCHEN01,Germany,880.5852117090045,0,4,IS,29,6,8,4.984982652670618
IRL DUBLIN27,Ireland,1013.0992666583928,1,5,Bio,16,5,6,5.295157636042381
PL KRAKOW02,Poland,419.11739401313304,1,6,MP,23,8,9,4.813358431777382
B LEUVEN01,Belgium,395.93545420202,1,10,Sec,15,5,9,4.7852458790547825
A KLAGENF01,Austria,889.5557382725794,2,7,Bio,26,9,6,5.806457385499391
EE TALLINN04,Estonia,443.2521650290387,2,10,MP,22,9,6,6.42944876904971
I BARI05,Italy,916.0862279389478,1,5,AI,17,8,6,4.173156704891036
F PARIS001,France,663.7828815011181,2,4,Sec,15,6,5,5.304079263963761
I BARI05,Italy,879.4273935849004,2,5,MP,21,9,9,5.109309823516846
D ERLANGE01,Germany,970.0001909975381,0,5,AI,19,9,6,5.703837881367451
TR ANKARA04,Turkey,493.99840919982347,0,6,AI,19,9,5,6.079642919302122
D ERLANGE01,Germany,914.5107962395724,0,5,IS,16,6,8,4.0666554821868885
E VALENCI02,Spain,886.134497786016,0,4,IS,17,5,6,4.518891296136773
S VASTERA01,Sweden,945.1243534129014,1,9,IS,27,8,6,5.229572791980756
I PADOVA01,Italy,895.7794911133971,0,5,Alg,20,9,6,6.433792087611945
A GRAZ02,Austria,841.7824383544129,0,4,AI,18,6,6,5.305703593376419
D ERLANGE01,Germany,901.1158382527226,2,5,CG,19,5,5,5.063783756642168
IRL DUBLIN27,Ireland,1143.2757507773504,0,9,HW,17,5,9,3.4978433096383865
NL NIJMEGE01,Netherlands,988.6797318152016,1,6,HW,23,5,6,5.3694829368493515
IS REYKJAV05,Iceland,1544.3350563322406,0,8,Sec,22,7,9,4.591411764821999
EE TALLINN04,Estonia,395.95349713019317,0,10,Alg,21,8,6,5.420989444593155
CZ PRAHA07,Czech,414.14651287423914,0,9,Bio,16,9,7,6.054403689869065
S VASTERA01,Sweden,941.1546080004272,1,10,HW,29,6,8,4.171837417455384
S MALMO01,Sweden,924.8177746791864,1,4,Bio,15,5,5,4.897243126470279
D TUBINGE01,Germany,930.0802922597715,0,10,Sec,24,6,6,5.14144709381689
D BERLIN02,Germany,913.1754228544495,0,5,IS,23,6,5,5.470942297072935
NL NIJMEGE01,Netherlands,874.4087661099063,0,6,CG,26,5,9,3.7094254116811403
D DARMSTA02,Germany,899.6982144658648,0,4,MP,21,8,6,5.561055979216212
F LILLE01,France,625.1918439528822,1,5,HW,19,6,9,4.889531616488026
A GRAZ02,Austria,848.949109469582,1,5,Sec,16,7,9,5.030274134937748
A GRAZ02,Austria,821.7517525418958,2,5,IS,19,9,8,5.202142493497064
CZ PRAHA07,Czech,431.220614178083,1,7,NW,27,8,7,4.640793146556922
EE TALLINN04,Estonia,455.2742237023461,0,7,Bio,21,8,6,5.812609108924554
D DARMSTA02,Germany,854.9814434217669,0,8,Sec,16,5,6,3.648036907299935
S LULEA01,Sweden,825.1849561263514,2,4,Sec,24,6,5,5.389390614612628
IS REYKJAV05,Iceland,1567.1589977747262,1,7,Bio,19,8,8,5.109847114221449
IRL DUBLIN27,Ireland,1123.979310015911,0,6,MP,25,7,9,4.456791582672231
NL NIJMEGE01,Netherlands,923.7762296392431,0,6,CG,17,6,6,4.39230832402106
HKG BAPT,HongKong,1153.8189073171015,2,5,HW,26,7,6,4.506440342384323
D MUNCHEN01,Germany,911.4850153919873,2,4,AI,17,8,9,5.296003061304082
IRL DUBLIN27,Ireland,1104.0123225832233,1,6,MP,26,9,5,6.550417027717205
D TUBINGE01,Germany,856.1819225210985,2,5,AI,20,9,5,6.788865318800815
IS REYKJAV05,Iceland,1472.665040636503,2,6,HW,21,6,7,5.299717104755228
IS REYKJAV05,Iceland,1428.3462282117896,1,6,Alg,15,7,7,5.164373786080648
IRL DUBLIN27,Ireland,1110.6858850348822,1,8,Alg,19,5,9,4.178022924167467
NL NIJMEGE01,Netherlands,931.6883408205709,2,6,MP,21,9,5,6.661197034003867
A KLAGENF01,Austria,912.0781595402445,2,7,IS,23,9,5,6.861581969695928
F PARIS001,France,634.9079448446926,1,5,Math,20,6,6,5.118832711253031
A GRAZ02,Austria,802.4330431164836,1,6,NW,22,8,8,4.217501927462155
PL KRAKOW02,Poland,459.7688531648109,0,6,NW,29,7,5,5.10969967712922
HKG BAPT,HongKong,1176.251728319331,0,5,AI,20,6,5,5.546020046236296
E BARCELO01,Spain,805.1162362783558,2,6,Math,16,6,6,5.196108967077588
Daegu,Korea,961.1472493799214,0,5,Bio,28,7,7,5.385134390504966
IRL CORK01,Ireland,1109.777093426878,1,3,NW,25,9,9,4.988135788910023
E BARCELO01,Spain,862.7408154770241,0,6,Alg,18,8,9,3.7091114734683384
IRL CORK01,Ireland,968.9274640129161,0,3,Bio,17,9,7,5.853373541145947
TR ANKARA04,Turkey,494.33850004606813,2,5,HW,18,6,9,4.835210395756822
A KLAGENF01,Austria,836.5406290088487,0,9,Alg,24,7,9,5.6547265886757225
NL NIJMEGE01,Netherlands,914.9209138195804,0,5,MP,29,9,8,5.191286574676857
I BARI05,Italy,819.1911270444222,0,5,MP,26,5,6,4.923723677532119
TR ANKARA04,Turkey,483.3297982276491,1,6,Sec,25,6,9,4.873035527175112
I ROMA01,Italy,790.6953345696071,0,5,Alg,22,8,5,5.497923444001845
P COIMBRA01,Portugal,706.4306417773377,2,6,Sec,16,6,5,4.040211509150572
S VASTERA01,Sweden,848.8055808293744,1,4,AI,17,5,5,5.2758530497884255
A GRAZ02,Austria,908.9320127480597,2,7,AI,25,5,9,3.1732041248531644
P COIMBRA01,Portugal,647.9986023450884,0,10,IS,16,6,7,5.1377916434232
B LEUVEN01,Belgium,458.1555828362103,2,8,NW,25,7,9,4.177302357490076
S MALMO01,Sweden,822.465861938455,1,5,Sec,23,6,7,4.621499204371108
F PARIS001,France,685.8306020670087,2,5,AI,26,7,9,4.214668889939968
TR ANKARA04,Turkey,480.9248874524814,1,6,IS,21,7,7,5.285733539551225
D KARLSRU01,Germany,921.1085501479669,2,7,CG,25,9,7,5.880491006435885
S LULEA01,Sweden,881.7049926295535,0,4,Sec,17,5,6,4.7875521650475115
SF OULU11,Finland,872.241162120329,2,10,CG,25,7,9,3.352024008829022
EE TALLINN04,Estonia,457.0158407081363,2,10,HW,20,6,9,3.89127207060371
TR ANKARA04,Turkey,461.79135709836874,0,6,CG,18,5,8,4.499121036781507
E VALENCI02,Spain,803.5980305404412,2,7,MP,23,7,7,5.304795737884315
A KLAGENF01,Austria,840.2634753467133,0,7,HW,18,9,8,5.752546255746567
TR ANKARA04,Turkey,473.85085129174234,0,6,Math,20,5,5,5.404242912042813
IRL CORK01,Ireland,981.2114760795993,2,3,Bio,21,9,9,5.323589190917696
I PADOVA01,Italy,885.4367042009594,2,7,Sec,16,6,5,5.0040041733787035
B LEUVEN01,Belgium,445.1551835628951,0,4,NW,19,8,7,5.193244272900467
A KLAGENF01,Austria,892.2058892286517,0,7,IS,19,6,7,3.6677974214379363
A KLAGENF01,Austria,791.6335581670648,0,5,Sec,18,9,9,5.337529595623743
EE TALLINN04,Estonia,431.7484645125301,0,7,Math,24,6,7,5.111790561262863
SF OULU11,Finland,789.7400371146109,2,4,Bio,24,6,6,5.14025202557678
I PADOVA01,Italy,880.657319841128,0,9,NW,28,9,8,4.305032806962788
TR ANKARA04,Turkey,451.32981966881306,1,5,Bio,26,8,6,5.865637825737207
D TUBINGE01,Germany,939.6377096783306,2,11,Bio,27,5,9,4.601725947880951
S LULEA01,Sweden,900.4503964766125,2,4,IS,23,7,6,5.644772288597284
TR ANKARA04,Turkey,457.8630213973672,2,6,Bio,25,6,7,4.705213165938213
D BERLIN02,Germany,960.5452940743977,1,10,NW,26,8,5,6.558269311310944
IS REYKJAV05,Iceland,1691.7193827797773,0,8,NW,25,7,8,4.812891605941477
D KARLSRU01,Germany,893.0187779926559,1,8,Math,23,8,6,5.03385588507437
E BARCELO01,Spain,766.4145344352892,1,6,IS,25,9,5,6.743109837594638
NL NIJMEGE01,Netherlands,858.5029586198481,2,4,CG,28,6,9,4.104532585834624
LT KAUNAS02,Lithuania,306.4545472650066,1,5,HW,22,6,8,4.0950746162139655
D BERLIN02,Germany,816.9345089524086,2,9,Bio,17,5,9,3.0727406121418843
A KLAGENF01,Austria,829.3026851473603,0,5,Bio,19,8,6,5.711487745405458
B LEUVEN01,Belgium,429.16898177921837,1,5,IS,19,8,9,4.8681715803598635
B LEUVEN01,Belgium,382.4819292965361,1,4,MP,19,6,9,4.827375307315015
E BARCELO01,Spain,767.9048591525806,1,6,AI,19,6,7,5.3126332677125685
I PADOVA01,Italy,872.7829666390902,0,8,Sec,26,8,9,4.090721611659578
LT KAUNAS02,Lithuania,322.183843941911,2,5,Math,21,9,5,6.373920859709549
S VASTERA01,Sweden,881.5558288047162,0,10,IS,28,6,8,4.567435791849838
S MALMO01,Sweden,951.6641666393256,1,5,Bio,23,8,5,7.01030207174818
TR ANKARA04,Turkey,477.03720663740455,0,6,Sec,21,8,6,6.004715757127658
A KLAGENF01,Austria,916.0752429637489,1,8,CG,17,8,5,5.702151249354986
LT KAUNAS02,Lithuania,302.8014853849435,1,5,CG,23,7,5,5.864804489024518
I PADOVA01,Italy,770.4951861548208,0,7,Sec,24,5,6,5.165422430751732
SF OULU11,Finland,900.0336797836211,1,8,NW,29,6,8,4.053695837775204
E VALENCI02,Spain,918.1703112920001,1,10,Sec,17,5,7,3.3826795046083102
D TUBINGE01,Germany,862.2858911424836,2,7,Sec,26,5,8,4.298757562103331
CZ BRNO05,Czech,396.04472530703543,0,5,NW,17,9,8,5.568821158003742
S VASTERA01,Sweden,819.2864699283073,1,9,MP,28,9,9,5.3004816760138596
D KARLSRU01,Germany,809.5112781720832,2,8,Bio,27,9,5,6.257118893407696
CZ BRNO05,Czech,443.3048781667523,1,5,HW,21,6,7,4.560726507878741
IS REYKJAV05,Iceland,1470.6500781506043,0,7,CG,29,8,6,5.816306541416271
A KLAGENF01,Austria,882.2450706691288,1,6,HW,25,7,9,4.621012617055963
SF OULU11,Finland,765.8225104931456,2,6,AI,21,5,9,4.424679503246939
HKG BAPT,HongKong,1289.7129059747208,1,5,CG,21,8,6,5.923901549922767
CZ PRAHA10,Czech,417.65149115519165,1,9,IS,22,9,7,5.987806833120175
I BARI05,Italy,906.0812736440982,2,5,Bio,24,5,6,4.882414413246741
I ROMA01,Italy,862.2854343840139,0,5,Math,24,6,9,3.4209381953576083
I BARI05,Italy,760.213671707584,1,5,Math,23,5,5,5.075199818989414
PL KRAKOW02,Poland,401.3809064292224,2,4,NW,17,6,5,5.241307138702046
P COIMBRA01,Portugal,684.2831788635945,1,8,Bio,28,5,9,3.595678278527509
IRL CORK01,Ireland,976.8658551946955,2,3,AI,22,5,6,5.264575972088191
A GRAZ02,Austria,828.4043829771849,0,8,Math,29,5,5,5.199868186529633
EE TALLINN04,Estonia,447.82613101556564,2,10,IS,23,5,6,5.277377181469744
Daegu,Korea,886.7771849340028,1,5,Alg,20,5,6,3.683392078012247
D MUNCHEN01,Germany,903.3712421841255,0,5,CG,25,9,9,5.092657829880263
LT KAUNAS02,Lithuania,320.3246457761676,1,5,AI,28,9,5,6.66181645693292
D ERLANGE01,Germany,889.122220827654,1,5,Alg,16,7,9,4.428368341223145
D MUNCHEN01,Germany,915.2740756597067,1,4,Sec,25,6,7,5.114319955127759
I PADOVA01,Italy,781.7650729836648,0,6,Alg,29,5,6,5.45926045962012
B LEUVEN01,Belgium,404.2925540464638,0,6,NW,20,5,5,5.015120888991304
S VASTERA01,Sweden,810.716894913762,2,9,Math,21,7,7,5.324336628051571
CZ BRNO05,Czech,380.0686492641195,0,4,IS,16,6,7,4.970339667594435
D BERLIN02,Germany,878.3226809893555,1,6,IS,22,9,9,5.0570813933515195
D DARMSTA02,Germany,976.0912409431565,2,7,Sec,29,5,6,4.675340376781379
CZ PRAHA10,Czech,390.1276949477699,0,6,Sec,19,6,7,5.492465501807243
S MALMO01,Sweden,966.7169862396219,1,5,MP,27,6,5,5.413713063187635
IRL DUBLIN27,Ireland,1107.352798544088,1,6,Math,20,6,8,4.691087485870608
I ROMA01,Italy,885.7869895190727,1,5,Math,24,9,6,6.2141377393547295
E BARCELO01,Spain,827.8950933881154,0,6,NW,21,7,6,5.397029398328781
CZ PRAHA10,Czech,420.7612513683254,1,4,Bio,18,8,6,5.690501421053607
E BARCELO01,Spain,761.9274864909179,1,4,CG,17,7,9,5.0338310937195105
CZ BRNO05,Czech,413.08723262188073,1,4,Bio,16,5,7,4.727200242069125
I PADOVA01,Italy,855.1916351771501,2,10,Bio,23,6,6,5.550267409579128
SF OULU11,Finland,828.9722185682054,2,6,Alg,22,7,8,4.760870669763469
D TUBINGE01,Germany,912.852190116605,1,5,Math,15,9,8,5.75924594503487
S VASTERA01,Sweden,950.0111297390013,2,9,MP,16,5,7,4.315081592891303
S LULEA01,Sweden,925.7848067426826,1,4,Alg,19,9,6,6.254471556850576
CZ PRAHA10,Czech,385.7168742609766,2,9,MP,18,6,9,4.406116861742016
S VASTERA01,Sweden,940.7199128641116,1,5,HW,18,9,8,5.152920935071229
TR ANKARA04,Turkey,445.86343163507274,0,6,Math,15,7,5,5.9115269700557365
B LEUVEN01,Belgium,440.529396416209,0,4,Sec,16,8,8,5.457049861121562
F LILLE01,France,626.4659647834238,0,10,Sec,16,6,9,5.415902269009204
E VALENCI02,Spain,794.6792408959295,0,10,MP,25,5,7,5.211202948474013
P COIMBRA01,Portugal,626.5194696704732,2,4,NW,19,9,9,5.406842275153062
I BARI05,Italy,788.5716878519388,0,5,Sec,18,8,6,5.142244184983151
E BARCELO01,Spain,772.5671625213057,2,6,CG,23,7,8,5.455101840262956
IS REYKJAV05,Iceland,1564.32321003202,0,7,AI,15,6,7,4.537653911752567
IRL CORK01,Ireland,1135.485125890192,2,3,Alg,23,9,5,6.379120621241679
S LULEA01,Sweden,904.869796455095,1,4,AI,22,9,8,5.380261504185152
S VASTERA01,Sweden,869.3733875588582,0,10,AI,22,5,9,4.804964632033003
B LEUVEN01,Belgium,398.5946892080198,0,6,Bio,17,7,8,4.736374941798307
I ROMA01,Italy,803.0919244788431,0,5,MP,18,7,8,5.147608527519155
IRL DUBLIN27,Ireland,1011.7000106382388,2,6,Alg,23,5,5,5.117645891066952
PL KRAKOW02,Poland,428.6792964454082,2,6,MP,21,5,5,5.285924425594636
PL KRAKOW02,Poland,416.35786584833295,2,6,Math,23,6,9,3.52434564588923
D TUBINGE01,Germany,961.8912669819256,2,5,MP,18,7,6,5.65072185878012
P COIMBRA01,Portugal,619.9929334720006,0,9,IS,22,9,7,5.33295327234803
EE TALLINN04,Estonia,420.3532480055891,2,7,HW,15,8,8,4.234251655076749
F PARIS001,France,661.5148413617179,2,5,IS,23,7,6,5.384868799646718
A KLAGENF01,Austria,797.2671830174284,2,7,MP,26,9,7,5.311324682327084
IS REYKJAV05,Iceland,1633.183591686456,2,5,Math,17,7,6,5.022668534775436
CZ BRNO05,Czech,398.2485383653632,2,5,Bio,17,8,5,6.145001955532607
D MUNCHEN01,Germany,879.1506343131597,0,5,NW,24,7,5,5.665101476017136
PL KRAKOW02,Poland,429.43626919211704,1,6,HW,25,5,5,5.488704348936767
CZ PRAHA10,Czech,432.35166117831955,1,7,HW,15,9,7,6.255136262651572
NL NIJMEGE01,Netherlands,978.2896839839203,2,6,AI,27,6,6,4.869672951586944
B LEUVEN01,Belgium,392.0362192079281,0,7,Math,23,6,9,4.670747604667333
E VALENCI02,Spain,911.8406764719022,1,10,IS,29,6,5,4.616656053652969
S VASTERA01,Sweden,975.8364845028833,2,5,Math,17,8,8,5.1826953353079706
E BARCELO01,Spain,822.2586260268517,2,6,AI,19,8,7,5.653172043413682
CZ PRAHA07,Czech,406.4675487654957,0,5,Math,26,7,8,3.7468682311084835
I PADOVA01,Italy,902.8152670176771,0,10,Bio,25,9,5,6.633832798257511
S VASTERA01,Sweden,829.7472488836879,0,7,MP,18,8,5,6.806174174471872
D MUNCHEN01,Germany,944.2910052251295,0,5,IS,24,5,8,5.00132509083916
F LILLE01,France,669.6951921167782,0,8,CG,24,7,8,3.4415708810474284
CZ PRAHA07,Czech,442.27898214184097,2,9,Alg,22,9,9,5.2955914222454155
IS REYKJAV05,Iceland,1718.0642862288043,0,10,Math,24,9,8,4.759513201888763
I ROMA01,Italy,766.7208966309918,2,5,Sec,18,6,5,5.865286892138056
A GRAZ02,Austria,907.0510498662065,2,6,Math,25,9,9,5.391132346631827
SF OULU11,Finland,849.3826763765136,2,8,Bio,26,5,6,4.984942802535048
CZ BRNO05,Czech,436.9264060431136,2,5,IS,22,5,5,5.456544168599972
S LULEA01,Sweden,927.2918360077118,0,4,NW,15,5,5,5.061563773590273
IS REYKJAV05,Iceland,1425.8901293784718,2,10,CG,16,6,5,5.772035334633252
E VALENCI02,Spain,797.4342978682404,2,10,AI,17,9,9,5.535141087273193
IRL CORK01,Ireland,1098.9115078259722,0,3,MP,18,8,9,4.668013235909631
I BARI05,Italy,835.6691961995286,2,5,Alg,16,9,7,6.143400007172389
P COIMBRA01,Portugal,663.2508038005767,1,8,HW,24,6,8,5.0950595993951815
S MALMO01,Sweden,923.2163277755153,0,4,Alg,18,9,5,5.765349901443426
D ERLANGE01,Germany,825.5604958833097,0,5,AI,25,7,8,5.404378852441389
HKG BAPT,HongKong,1357.1800605763679,2,5,Sec,24,8,9,4.945573360779343
A KLAGENF01,Austria,790.2771490063852,0,10,CG,29,7,6,5.759116437255244
CZ PRAHA10,Czech,449.2018090767664,0,7,Alg,28,5,5,5.393454236905327
I ROMA01,Italy,800.0506734471502,1,5,CG,19,8,8,5.2096811763252715
I BARI05,Italy,890.5147045538336,1,5,Bio,19,8,9,4.660946431115734
I BARI05,Italy,890.2514488386838,1,5,AI,26,8,5,6.778204667076228
A KLAGENF01,Austria,785.0600706626643,0,9,NW,27,6,9,4.664427856239932
LT KAUNAS02,Lithuania,293.5234429805915,1,5,CG,29,8,7,5.845135299776884
S VASTERA01,Sweden,884.8789668755015,0,6,Alg,26,9,6,6.392039111813972
PL KRAKOW02,Poland,425.9765196030198,2,6,AI,26,5,9,5.283746094817586
IS REYKJAV05,Iceland,1444.9951397456725,1,9,Sec,21,5,8,4.333841584960059
IRL DUBLIN27,Ireland,1142.7639414393059,1,10,Math,19,8,8,4.734792068340298
D KARLSRU01,Germany,822.7421924142053,2,10,AI,28,9,7,5.936427018860533
D MUNCHEN01,Germany,968.7227377944514,2,5,Bio,27,7,6,5.301401600751472
IRL CORK01,Ireland,1030.4087159979124,2,3,Sec,26,7,8,4.863653009807108
S VASTERA01,Sweden,877.8988944171064,0,6,Alg,24,6,9,4.853174356122443
IRL CORK01,Ireland,1117.9275417136453,2,3,CG,19,5,9,4.08354163234936
IRL DUBLIN27,Ireland,1032.047974557472,1,10,Sec,25,5,6,4.920480163390139
A KLAGENF01,Austria,782.3836827693935,1,7,CG,21,6,8,3.728595283494765
D KARLSRU01,Germany,975.8981515429413,0,5,CG,24,6,9,4.713748993949663
IRL CORK01,Ireland,1010.7648124349681,2,3,HW,25,5,9,3.9185948954819354
E BARCELO01,Spain,825.0627036650917,2,6,Math,19,9,5,4.574749582007672
EE TALLINN04,Estonia,429.16185574456335,2,10,Math,17,6,5,5.885992750380392
NL NIJMEGE01,Netherlands,905.8829592276054,1,6,IS,29,7,6,5.3973578511930995
D ERLANGE01,Germany,909.7853110842109,1,5,HW,17,8,5,6.123552373316054
